maintenance_id,machine_id,maintenance_date,maintenance_type,cost
1854,340,2022-02-19,故障維修,2187
54,360,2022-03-02,清潔消毒,453
784,150,2022-03-07,零件更換,4176
1044,258,2022-03-10,定期保養,1194
2211,304,2022-04-19,定期保養,1611
777,99,2022-04-22,定期保養,1574
470,390,2022-04-26,零件更換,2924
1880,234,2022-05-10,定期保養,536
1700,227,2022-05-25,故障維修,2612
722,76,2022-05-26,定期保養,1269
1467,392,2022-05-28,定期保養,554
1477,325,2022-05-28,性能檢測,658
655,185,2022-05-29,零件更換,5810
2041,342,2022-06-07,故障維修,2254
1479,321,2022-06-25,零件更換,6394
1381,69,2022-07-01,定期保養,554
1760,227,2022-07-10,故障維修,4433
1939,208,2022-07-29,性能檢測,1215
1508,223,2022-08-04,定期保養,1354
2150,332,2022-08-04,零件更換,4115
1491,102,2022-08-10,定期保養,967
1864,227,2022-08-13,零件更換,7384
2115,267,2022-08-16,定期保養,1492
1894,88,2022-08-17,清潔消毒,1019
2093,88,2022-08-21,零件更換,3406
1369,76,2022-08-23,定期保養,1764
1646,304,2022-08-25,定期保養,1317
34,384,2022-08-28,定期保養,1629
2463,257,2022-09-01,故障維修,3590
1451,208,2022-09-02,性能檢測,654
1073,16,2022-09-03,性能檢測,1311
2193,273,2022-09-10,故障維修,3011
1125,267,2022-09-11,定期保養,1016
2215,295,2022-09-13,性能檢測,949
1763,42,2022-09-14,故障維修,4987
1017,76,2022-09-20,清潔消毒,1158
1063,311,2022-09-22,故障維修,1753
295,54,2022-09-24,定期保養,1036
1472,297,2022-09-25,清潔消毒,510
1308,322,2022-09-27,定期保養,1773
742,131,2022-09-29,定期保養,1340
1788,252,2022-10-01,故障維修,4056
1030,332,2022-10-01,故障維修,2540
2358,27,2022-10-01,定期保養,749
506,69,2022-10-01,定期保養,1722
2185,267,2022-10-05,定期保養,1048
1054,321,2022-10-12,定期保養,1701
1584,208,2022-10-12,清潔消毒,815
680,347,2022-10-14,故障維修,5742
600,16,2022-10-15,零件更換,6478
1702,185,2022-10-19,定期保養,1318
1537,76,2022-10-25,故障維修,3166
2060,227,2022-10-30,定期保養,1574
1338,276,2022-11-02,零件更換,2731
2347,276,2022-11-06,故障維修,4672
1754,105,2022-11-08,定期保養,621
851,27,2022-11-09,零件更換,4750
1052,221,2022-11-12,性能檢測,657
1549,17,2022-11-13,定期保養,965
489,384,2022-11-16,定期保養,1669
1071,130,2022-11-22,零件更換,4881
1867,17,2022-12-02,清潔消毒,1042
1906,88,2022-12-04,定期保養,1775
2334,279,2022-12-05,清潔消毒,977
638,105,2022-12-05,故障維修,5683
918,383,2022-12-06,性能檢測,889
2287,392,2022-12-07,故障維修,1830
1060,258,2022-12-11,定期保養,759
190,105,2022-12-13,故障維修,2155
95,312,2022-12-15,定期保養,1326
1344,295,2022-12-17,故障維修,2335
2175,98,2022-12-19,定期保養,568
367,389,2022-12-20,零件更換,5003
2075,354,2022-12-22,定期保養,1139
82,257,2022-12-24,故障維修,3570
2359,223,2022-12-30,清潔消毒,951
731,69,2023-01-01,零件更換,6479
2354,351,2023-01-02,清潔消毒,1115
118,79,2023-01-04,定期保養,1776
1397,185,2023-01-15,零件更換,6656
559,304,2023-01-22,故障維修,3401
2219,351,2023-01-24,清潔消毒,695
2131,69,2023-01-28,定期保養,1519
509,384,2023-02-04,定期保養,1242
748,227,2023-02-04,零件更換,2964
1294,281,2023-02-05,故障維修,5003
524,337,2023-02-07,性能檢測,1160
2446,131,2023-02-09,定期保養,1375
2242,13,2023-02-11,定期保養,818
1461,172,2023-02-15,清潔消毒,722
2198,347,2023-02-19,零件更換,6520
268,286,2023-02-21,零件更換,7286
2310,150,2023-02-22,故障維修,3957
1087,252,2023-02-22,定期保養,1680
887,267,2023-02-24,性能檢測,505
1121,358,2023-03-01,定期保養,980
1842,185,2023-03-01,定期保養,1085
1149,342,2023-03-03,定期保養,1647
159,102,2023-03-04,故障維修,4644
1095,99,2023-03-05,性能檢測,1139
2171,279,2023-03-06,定期保養,1451
1363,257,2023-03-06,定期保養,1042
1664,208,2023-03-09,定期保養,1096
2126,272,2023-03-10,零件更換,4350
2229,130,2023-03-12,定期保養,770
1758,205,2023-03-14,故障維修,2829
2373,282,2023-03-16,零件更換,6359
1792,297,2023-03-23,定期保養,1046
59,17,2023-03-28,故障維修,5242
2318,172,2023-03-31,清潔消毒,519
2100,172,2023-04-07,零件更換,5756
136,141,2023-04-07,定期保養,727
2324,135,2023-04-08,定期保養,1488
1970,11,2023-04-09,定期保養,633
992,282,2023-04-09,故障維修,3541
2138,296,2023-04-13,零件更換,4759
936,119,2023-04-13,定期保養,1353
2234,342,2023-04-18,定期保養,1074
757,256,2023-04-18,故障維修,4482
2253,272,2023-04-19,定期保養,1231
1098,79,2023-04-22,定期保養,1755
2230,131,2023-04-23,清潔消毒,313
1315,194,2023-04-24,清潔消毒,957
2010,205,2023-04-25,故障維修,2887
1877,241,2023-04-26,定期保養,1175
1260,238,2023-04-26,性能檢測,724
1426,390,2023-05-01,定期保養,1030
285,237,2023-05-03,定期保養,695
610,281,2023-05-04,定期保養,756
2313,207,2023-05-07,定期保養,770
1680,282,2023-05-07,清潔消毒,1008
919,308,2023-05-12,定期保養,825
504,326,2023-05-13,定期保養,1784
758,223,2023-05-13,定期保養,1613
530,347,2023-05-14,故障維修,4913
1567,272,2023-05-17,故障維修,5824
2309,47,2023-05-21,故障維修,4033
830,194,2023-05-21,定期保養,1296
1089,398,2023-05-21,故障維修,4648
2366,17,2023-05-22,定期保養,973
1132,207,2023-05-23,故障維修,3001
1516,4,2023-05-23,零件更換,6019
1318,296,2023-05-23,定期保養,1692
896,88,2023-05-26,性能檢測,1297
350,258,2023-05-26,清潔消毒,1148
2205,297,2023-05-27,定期保養,1095
2052,205,2023-05-28,故障維修,4484
1234,11,2023-05-31,零件更換,3063
2073,88,2023-06-04,故障維修,5982
1116,238,2023-06-04,定期保養,1246
1212,194,2023-06-06,定期保養,802
199,358,2023-06-07,零件更換,2957
456,207,2023-06-07,故障維修,5608
1751,223,2023-06-11,定期保養,1028
1244,338,2023-06-14,定期保養,759
2364,205,2023-06-15,定期保養,752
1078,276,2023-06-17,故障維修,3594
1206,312,2023-06-20,故障維修,4258
895,272,2023-06-27,故障維修,5028
991,321,2023-06-29,清潔消毒,686
1688,205,2023-07-02,零件更換,3685
321,227,2023-07-05,定期保養,513
701,223,2023-07-05,零件更換,3025
1356,351,2023-07-06,零件更換,6339
595,360,2023-07-10,零件更換,4072
1937,118,2023-07-11,故障維修,3765
96,207,2023-07-14,定期保養,796
26,317,2023-07-17,故障維修,4958
1215,282,2023-08-06,定期保養,1040
246,374,2023-08-11,定期保養,837
2489,240,2023-08-11,故障維修,2131
2109,120,2023-08-12,清潔消毒,530
1088,69,2023-08-17,定期保養,1784
857,14,2023-08-18,定期保養,811
1359,120,2023-08-18,零件更換,7145
903,76,2023-08-19,清潔消毒,715
87,296,2023-08-19,故障維修,3112
197,295,2023-08-20,故障維修,3724
531,325,2023-08-22,故障維修,2569
1800,5,2023-08-23,定期保養,889
1860,296,2023-08-23,定期保養,852
2099,321,2023-08-23,故障維修,5810
1254,54,2023-08-23,定期保養,980
122,360,2023-08-27,故障維修,4602
62,119,2023-08-27,故障維修,4639
2355,294,2023-08-29,清潔消毒,1010
2204,16,2023-08-29,故障維修,5993
781,282,2023-08-30,定期保養,1085
2072,218,2023-09-04,故障維修,4552
2386,238,2023-09-07,故障維修,5650
1261,118,2023-09-08,零件更換,3892
1104,374,2023-09-08,定期保養,1327
1131,294,2023-09-09,故障維修,3089
1442,40,2023-09-10,零件更換,6267
2284,18,2023-09-10,性能檢測,1468
2199,227,2023-09-13,定期保養,792
76,296,2023-09-14,定期保養,1598
797,375,2023-09-15,定期保養,1488
718,390,2023-09-15,定期保養,1478
2493,308,2023-09-15,清潔消毒,858
618,120,2023-09-17,清潔消毒,444
325,386,2023-09-17,清潔消毒,471
1857,304,2023-09-18,性能檢測,494
2251,40,2023-09-20,定期保養,1470
608,161,2023-09-24,定期保養,1401
1633,272,2023-09-24,零件更換,2331
2177,121,2023-09-26,零件更換,7396
885,322,2023-09-28,定期保養,1340
708,325,2023-09-29,故障維修,3884
956,168,2023-10-02,故障維修,2044
49,227,2023-10-03,定期保養,1288
1931,238,2023-10-03,故障維修,3400
2178,263,2023-10-04,零件更換,7218
254,138,2023-10-06,定期保養,582
1434,272,2023-10-09,定期保養,739
404,332,2023-10-10,故障維修,5553
290,241,2023-10-12,清潔消毒,664
1738,84,2023-10-13,零件更換,6567
1282,286,2023-10-15,零件更換,7310
592,263,2023-10-16,定期保養,1076
2396,150,2023-10-18,故障維修,4491
1639,398,2023-10-18,定期保養,1638
816,218,2023-10-19,零件更換,3782
308,141,2023-10-21,定期保養,780
949,351,2023-10-24,故障維修,4247
1473,354,2023-10-25,零件更換,3689
2317,120,2023-10-27,定期保養,1630
2201,392,2023-10-27,定期保養,930
890,105,2023-10-28,定期保養,1345
1770,172,2023-10-28,故障維修,5797
547,47,2023-10-30,定期保養,1507
2458,258,2023-10-30,定期保養,699
1124,325,2023-10-31,故障維修,2172
2383,369,2023-11-01,清潔消毒,474
548,273,2023-11-01,性能檢測,1025
2189,317,2023-11-01,故障維修,2468
306,392,2023-11-01,故障維修,2780
1907,387,2023-11-01,定期保養,810
1188,27,2023-11-02,清潔消毒,887
854,361,2023-11-03,零件更換,3724
2492,88,2023-11-04,零件更換,7423
1213,69,2023-11-05,定期保養,586
2497,237,2023-11-07,故障維修,5943
1143,276,2023-11-09,零件更換,3886
1826,221,2023-11-11,定期保養,743
913,257,2023-11-11,故障維修,2492
1804,130,2023-11-13,定期保養,1082
1496,272,2023-11-14,性能檢測,460
957,218,2023-11-16,故障維修,4581
1271,282,2023-11-18,定期保養,724
1402,69,2023-11-19,零件更換,7974
1253,49,2023-11-20,定期保養,1482
1827,16,2023-11-21,零件更換,7539
1031,14,2023-11-22,性能檢測,1479
1235,265,2023-11-22,定期保養,1734
475,220,2023-11-22,定期保養,622
1691,73,2023-11-22,定期保養,806
613,259,2023-11-25,定期保養,1245
1596,237,2023-11-30,清潔消毒,1101
1515,84,2023-12-01,性能檢測,678
968,130,2023-12-01,定期保養,596
242,386,2023-12-02,故障維修,5905
963,106,2023-12-05,故障維修,5431
2179,282,2023-12-05,清潔消毒,826
1742,296,2023-12-06,零件更換,7202
2416,390,2023-12-07,零件更換,7193
2408,95,2023-12-08,故障維修,3900
1396,332,2023-12-09,定期保養,500
1960,317,2023-12-13,定期保養,680
733,272,2023-12-13,故障維修,5592
2168,54,2023-12-13,定期保養,840
42,207,2023-12-14,故障維修,4685
750,257,2023-12-15,定期保養,1495
47,135,2023-12-15,定期保養,1799
883,8,2023-12-16,清潔消毒,1132
2136,359,2023-12-17,定期保養,671
44,367,2023-12-17,故障維修,2662
80,49,2023-12-17,定期保養,1030
1204,141,2023-12-17,故障維修,1687
698,238,2023-12-18,性能檢測,863
310,118,2023-12-18,性能檢測,1236
2022,231,2023-12-19,定期保養,1518
880,95,2023-12-20,定期保養,1298
658,160,2023-12-21,故障維修,4105
1310,326,2023-12-21,定期保養,1216
582,394,2023-12-21,定期保養,787
872,118,2023-12-25,定期保養,788
1587,282,2023-12-26,故障維修,4592
2406,249,2023-12-29,清潔消毒,850
1650,287,2023-12-31,定期保養,926
1221,384,2024-01-01,零件更換,2761
1464,269,2024-01-01,零件更換,7724
837,368,2024-01-05,清潔消毒,373
431,61,2024-01-06,故障維修,1852
357,11,2024-01-10,定期保養,1519
1975,130,2024-01-11,定期保養,847
1460,269,2024-01-14,定期保養,1255
2479,54,2024-01-17,清潔消毒,878
1718,282,2024-01-25,清潔消毒,318
685,374,2024-01-27,定期保養,874
866,231,2024-01-27,故障維修,3005
160,296,2024-01-29,清潔消毒,815
1023,373,2024-01-29,故障維修,5972
2097,237,2024-01-30,故障維修,5683
1954,297,2024-01-30,定期保養,1604
344,186,2024-02-04,定期保養,823
2405,275,2024-02-04,故障維修,1600
168,79,2024-02-05,故障維修,5416
1593,55,2024-02-05,故障維修,1644
2350,4,2024-02-06,故障維修,4004
297,311,2024-02-06,零件更換,7524
540,55,2024-02-08,零件更換,4107
1122,386,2024-02-09,定期保養,583
235,84,2024-02-12,性能檢測,671
1489,171,2024-02-12,故障維修,1507
30,18,2024-02-13,零件更換,2042
971,272,2024-02-14,定期保養,1160
2419,11,2024-02-16,定期保養,1479
1829,321,2024-02-17,定期保養,1677
1238,202,2024-02-20,故障維修,2920
1197,392,2024-02-20,性能檢測,1493
606,196,2024-02-22,定期保養,767
1839,374,2024-02-23,零件更換,4667
1786,360,2024-02-25,故障維修,1767
281,359,2024-02-29,零件更換,5122
583,207,2024-03-01,零件更換,6321
1890,398,2024-03-02,定期保養,1780
1852,326,2024-03-04,清潔消毒,392
2263,359,2024-03-06,零件更換,4500
1507,238,2024-03-07,定期保養,1719
1337,86,2024-03-08,定期保養,927
518,325,2024-03-08,定期保養,824
146,14,2024-03-08,性能檢測,1114
889,42,2024-03-09,清潔消毒,827
3,296,2024-03-09,定期保養,1039
31,249,2024-03-12,故障維修,4849
2027,296,2024-03-12,定期保養,937
1812,309,2024-03-16,定期保養,558
1164,300,2024-03-17,故障維修,3883
2080,312,2024-03-17,性能檢測,747
250,343,2024-03-19,定期保養,1122
462,265,2024-03-19,清潔消毒,1030
1186,378,2024-03-22,零件更換,2419
2422,9,2024-03-24,清潔消毒,647
511,252,2024-03-25,定期保養,1632
879,11,2024-03-25,故障維修,4633
1887,4,2024-03-25,定期保養,841
1370,102,2024-03-28,清潔消毒,1058
993,119,2024-03-28,零件更換,4553
1896,296,2024-03-28,定期保養,1206
964,171,2024-03-30,定期保養,1136
954,368,2024-03-31,清潔消毒,483
2164,337,2024-04-01,零件更換,2784
1676,133,2024-04-02,性能檢測,657
2122,210,2024-04-03,定期保養,1229
902,11,2024-04-04,定期保養,916
2023,378,2024-04-05,性能檢測,620
361,171,2024-04-05,清潔消毒,963
2302,236,2024-04-06,零件更換,5688
1106,73,2024-04-06,故障維修,2972
2181,133,2024-04-07,性能檢測,860
541,386,2024-04-07,定期保養,1398
953,73,2024-04-08,故障維修,4527
1300,287,2024-04-09,定期保養,1512
2425,126,2024-04-09,故障維修,1607
176,73,2024-04-10,性能檢測,977
2028,394,2024-04-10,零件更換,7289
1218,277,2024-04-10,定期保養,1296
1007,281,2024-04-11,定期保養,844
2237,359,2024-04-12,清潔消毒,770
926,9,2024-04-12,定期保養,586
1785,269,2024-04-12,故障維修,4270
2105,318,2024-04-13,定期保養,1198
2392,69,2024-04-14,零件更換,7604
1578,263,2024-04-15,定期保養,500
714,179,2024-04-16,零件更換,6748
946,5,2024-04-16,定期保養,1534
2349,242,2024-04-16,清潔消毒,312
1181,389,2024-04-18,零件更換,6979
1195,18,2024-04-19,零件更換,4392
579,207,2024-04-19,定期保養,824
2298,14,2024-04-19,故障維修,5700
656,55,2024-04-19,清潔消毒,480
446,383,2024-04-20,故障維修,2365
2415,210,2024-04-22,故障維修,2679
790,383,2024-04-23,清潔消毒,870
1065,182,2024-04-23,性能檢測,1127
1624,387,2024-04-23,性能檢測,730
2407,161,2024-04-25,定期保養,1301
1841,165,2024-04-25,定期保養,946
256,230,2024-04-26,零件更換,4396
491,195,2024-04-26,定期保養,756
2498,347,2024-04-29,清潔消毒,458
1964,168,2024-04-30,零件更換,6952
527,179,2024-04-30,定期保養,1536
274,368,2024-05-01,定期保養,968
132,95,2024-05-01,定期保養,722
924,321,2024-05-01,故障維修,3897
1689,249,2024-05-02,定期保養,637
1003,351,2024-05-03,定期保養,1283
236,293,2024-05-04,故障維修,5576
898,360,2024-05-05,定期保養,1138
1616,273,2024-05-06,定期保養,1591
1528,134,2024-05-07,清潔消毒,535
2432,332,2024-05-08,故障維修,5309
177,281,2024-05-08,清潔消毒,1077
369,84,2024-05-09,零件更換,5088
1045,357,2024-05-10,故障維修,5912
1859,337,2024-05-10,故障維修,4196
183,373,2024-05-11,故障維修,3899
1284,4,2024-05-13,零件更換,6833
615,351,2024-05-13,定期保養,815
773,55,2024-05-14,定期保養,1474
1668,375,2024-05-14,故障維修,1928
553,229,2024-05-15,故障維修,4506
1573,297,2024-05-17,故障維修,2555
182,47,2024-05-17,零件更換,7487
1365,296,2024-05-17,清潔消毒,699
631,288,2024-05-19,清潔消毒,447
793,210,2024-05-19,故障維修,5214
711,307,2024-05-19,定期保養,694
990,329,2024-05-20,定期保養,1659
1957,263,2024-05-20,定期保養,1414
535,311,2024-05-25,定期保養,623
1568,40,2024-05-25,故障維修,5159
554,231,2024-05-26,性能檢測,606
1555,98,2024-05-27,零件更換,2493
2465,256,2024-05-27,故障維修,2536
2444,333,2024-05-28,性能檢測,1297
452,230,2024-05-29,定期保養,1596
2377,134,2024-05-31,定期保養,1610
1558,179,2024-05-31,定期保養,1355
710,277,2024-06-01,清潔消毒,771
642,141,2024-06-01,故障維修,5390
2320,179,2024-06-05,定期保養,1270
1047,100,2024-06-06,定期保養,1267
1564,120,2024-06-06,定期保養,525
560,256,2024-06-07,零件更換,6490
994,241,2024-06-07,性能檢測,1079
1499,166,2024-06-07,零件更換,3118
2149,207,2024-06-08,定期保養,1173
739,188,2024-06-10,故障維修,1963
1020,13,2024-06-12,性能檢測,1095
730,69,2024-06-13,性能檢測,1165
639,118,2024-06-13,定期保養,1611
1641,225,2024-06-14,性能檢測,1417
1029,139,2024-06-14,定期保養,1696
653,239,2024-06-16,性能檢測,1400
528,119,2024-06-17,定期保養,1406
1111,326,2024-06-17,定期保養,1670
1888,107,2024-06-17,故障維修,4576
338,287,2024-06-19,定期保養,1487
300,34,2024-06-20,故障維修,3225
800,373,2024-06-20,清潔消毒,540
1850,264,2024-06-20,定期保養,1552
1421,138,2024-06-22,性能檢測,1419
1258,207,2024-06-22,定期保養,1245
1595,294,2024-06-23,性能檢測,1498
910,166,2024-06-24,零件更換,2809
144,131,2024-06-25,定期保養,790
2413,205,2024-06-25,清潔消毒,429
1101,24,2024-06-25,故障維修,1858
1268,204,2024-06-27,定期保養,1366
2393,184,2024-06-28,定期保養,1098
2119,34,2024-06-29,故障維修,1511
654,301,2024-06-30,零件更換,6332
422,318,2024-06-30,故障維修,3678
1084,354,2024-06-30,故障維修,1653
1945,317,2024-06-30,零件更換,5717
1240,79,2024-07-01,零件更換,6628
1354,295,2024-07-01,定期保養,1527
2054,382,2024-07-02,定期保養,1107
515,17,2024-07-03,性能檢測,1080
2281,112,2024-07-03,清潔消毒,1022
2289,205,2024-07-06,性能檢測,1488
1375,107,2024-07-07,清潔消毒,583
436,286,2024-07-08,零件更換,5028
291,11,2024-07-09,零件更換,7821
2065,21,2024-07-09,故障維修,3804
806,297,2024-07-11,故障維修,1951
1808,79,2024-07-11,故障維修,3803
72,86,2024-07-12,定期保養,976
2085,225,2024-07-12,清潔消毒,1036
358,239,2024-07-12,定期保養,1717
744,210,2024-07-13,零件更換,7899
2323,249,2024-07-15,零件更換,2095
1232,99,2024-07-16,故障維修,2327
216,102,2024-07-18,故障維修,2057
2473,367,2024-07-21,性能檢測,926
1710,265,2024-07-22,清潔消毒,1141
362,263,2024-07-25,故障維修,4147
709,112,2024-07-27,故障維修,3522
1038,294,2024-07-28,定期保養,1498
1544,113,2024-07-29,清潔消毒,461
1129,165,2024-07-29,定期保養,838
984,31,2024-07-30,定期保養,1016
360,237,2024-07-31,故障維修,2926
1493,98,2024-07-31,性能檢測,668
1642,337,2024-07-31,故障維修,1727
2192,367,2024-08-01,定期保養,648
426,227,2024-08-02,故障維修,1679
1927,240,2024-08-03,定期保養,1073
218,301,2024-08-04,定期保養,1753
2231,300,2024-08-05,定期保養,797
1912,352,2024-08-06,定期保養,1319
2,384,2024-08-06,故障維修,2282
112,69,2024-08-07,性能檢測,1342
740,165,2024-08-07,故障維修,5718
1146,354,2024-08-08,定期保養,1550
567,172,2024-08-10,清潔消毒,440
1658,133,2024-08-14,定期保養,1519
810,47,2024-08-14,故障維修,4853
353,269,2024-08-14,零件更換,3695
620,302,2024-08-15,故障維修,5356
232,210,2024-08-16,清潔消毒,432
756,318,2024-08-17,定期保養,1156
1492,165,2024-08-18,定期保養,819
2121,323,2024-08-18,故障維修,5176
2117,188,2024-08-19,性能檢測,1441
1981,79,2024-08-19,故障維修,2082
588,55,2024-08-20,定期保養,1213
2331,113,2024-08-20,故障維修,5829
581,196,2024-08-20,定期保養,1303
60,142,2024-08-21,故障維修,3077
2049,227,2024-08-22,零件更換,4815
247,183,2024-08-23,定期保養,1078
2277,300,2024-08-26,故障維修,4676
647,242,2024-08-27,清潔消毒,842
787,239,2024-08-27,故障維修,2000
1296,86,2024-08-29,性能檢測,995
1739,162,2024-09-01,故障維修,5275
378,9,2024-09-01,故障維修,3365
1420,376,2024-09-02,故障維修,2994
1367,290,2024-09-03,零件更換,6975
1815,33,2024-09-03,定期保養,1285
2057,197,2024-09-04,零件更換,7305
1139,204,2024-09-04,定期保養,1002
2374,184,2024-09-05,定期保養,1021
2290,84,2024-09-05,零件更換,6482
2090,167,2024-09-05,定期保養,948
2224,105,2024-09-06,清潔消毒,1160
2102,223,2024-09-06,性能檢測,951
201,263,2024-09-07,清潔消毒,606
226,106,2024-09-07,定期保養,1611
2046,294,2024-09-08,故障維修,4149
1160,11,2024-09-09,定期保養,1711
19,185,2024-09-09,性能檢測,1443
975,11,2024-09-09,故障維修,4487
1725,281,2024-09-10,故障維修,1942
419,274,2024-09-10,故障維修,3300
1675,318,2024-09-11,定期保養,703
1438,287,2024-09-13,清潔消毒,796
1717,24,2024-09-13,定期保養,680
925,183,2024-09-13,零件更換,6482
255,71,2024-09-15,零件更換,6471
495,198,2024-09-16,性能檢測,1208
2147,196,2024-09-16,故障維修,5750
2021,390,2024-09-16,定期保養,1369
2194,231,2024-09-20,性能檢測,1448
1835,325,2024-09-20,定期保養,1067
751,49,2024-09-20,零件更換,3187
343,73,2024-09-21,性能檢測,492
805,183,2024-09-23,定期保養,1352
2336,168,2024-09-24,故障維修,5577
1061,351,2024-09-25,故障維修,3642
1401,69,2024-09-25,故障維修,2037
2128,69,2024-09-26,性能檢測,869
516,11,2024-09-26,定期保養,1294
1771,196,2024-09-27,故障維修,2240
349,165,2024-09-28,定期保養,845
154,206,2024-09-28,定期保養,593
1531,135,2024-09-28,零件更換,7319
1732,257,2024-09-28,定期保養,1452
1409,239,2024-09-29,故障維修,5458
649,318,2024-09-29,故障維修,3559
2007,192,2024-09-30,定期保養,591
1458,275,2024-10-01,定期保養,689
2141,329,2024-10-01,故障維修,5159
2187,350,2024-10-02,定期保養,525
778,293,2024-10-02,故障維修,3216
124,46,2024-10-04,故障維修,4675
52,314,2024-10-04,故障維修,4389
119,359,2024-10-04,定期保養,1797
1144,234,2024-10-05,定期保養,664
822,1,2024-10-05,定期保養,1289
904,239,2024-10-05,零件更換,3471
619,324,2024-10-06,故障維修,2889
1001,79,2024-10-06,定期保養,1452
108,304,2024-10-06,定期保養,1655
1831,394,2024-10-06,性能檢測,672
2053,69,2024-10-09,定期保養,630
536,382,2024-10-10,定期保養,1533
1908,162,2024-10-10,零件更換,6696
989,107,2024-10-10,故障維修,2961
1916,293,2024-10-12,故障維修,4937
2015,223,2024-10-13,故障維修,1779
107,179,2024-10-14,定期保養,938
1547,324,2024-10-15,零件更換,7575
48,218,2024-10-16,故障維修,3439
2152,73,2024-10-17,故障維修,4848
271,325,2024-10-17,定期保養,1546
459,24,2024-10-17,故障維修,2574
208,272,2024-10-20,故障維修,3314
252,169,2024-10-21,故障維修,3148
98,183,2024-10-22,定期保養,1753
2455,238,2024-10-22,定期保養,1406
861,314,2024-10-26,零件更換,7232
1607,27,2024-10-26,故障維修,5527
1277,105,2024-10-27,性能檢測,1297
723,27,2024-10-27,定期保養,1701
1619,230,2024-10-28,性能檢測,1500
771,46,2024-10-28,定期保養,1331
284,40,2024-10-29,故障維修,2120
2436,171,2024-10-30,性能檢測,959
120,225,2024-10-31,零件更換,3293
801,287,2024-11-01,定期保養,916
1948,62,2024-11-02,性能檢測,1238
1999,24,2024-11-08,故障維修,5160
2236,242,2024-11-09,故障維修,1526
1141,331,2024-11-10,定期保養,1321
2162,256,2024-11-10,性能檢測,586
1911,133,2024-11-12,零件更換,6442
640,165,2024-11-13,性能檢測,1112
469,96,2024-11-13,性能檢測,891
2174,343,2024-11-13,故障維修,4610
2420,171,2024-11-13,零件更換,7451
264,218,2024-11-13,零件更換,3666
316,283,2024-11-13,性能檢測,1029
2173,73,2024-11-13,定期保養,1693
2248,333,2024-11-15,定期保養,1783
1200,56,2024-11-15,故障維修,2026
933,395,2024-11-17,定期保養,1132
1242,314,2024-11-18,定期保養,943
513,376,2024-11-19,故障維修,3553
1408,324,2024-11-19,定期保養,1415
1825,263,2024-11-19,性能檢測,1289
1075,396,2024-11-19,故障維修,4648
1648,331,2024-11-20,故障維修,4075
1744,5,2024-11-20,零件更換,3908
1853,346,2024-11-20,定期保養,1340
2424,196,2024-11-21,定期保養,1523
612,321,2024-11-22,性能檢測,889
248,391,2024-11-22,定期保養,509
2423,305,2024-11-22,故障維修,3780
175,264,2024-11-22,定期保養,744
2389,287,2024-11-23,定期保養,1679
1513,386,2024-11-23,定期保養,720
1243,312,2024-11-23,定期保養,1556
1304,225,2024-11-25,故障維修,3867
1267,172,2024-11-25,零件更換,2154
2190,272,2024-11-25,零件更換,7635
1264,195,2024-11-27,定期保養,1297
1102,391,2024-11-27,零件更換,2849
2258,184,2024-11-27,定期保養,1013
555,352,2024-11-28,定期保養,1588
412,384,2024-11-28,故障維修,4013
676,394,2024-11-29,性能檢測,735
2486,394,2024-12-01,性能檢測,874
871,165,2024-12-01,故障維修,2684
635,44,2024-12-01,定期保養,873
334,49,2024-12-02,定期保養,573
1138,207,2024-12-03,零件更換,3100
2276,246,2024-12-03,故障維修,4349
1407,338,2024-12-04,定期保養,915
403,210,2024-12-04,清潔消毒,467
1391,102,2024-12-05,定期保養,1561
2409,396,2024-12-05,零件更換,5371
1978,184,2024-12-05,故障維修,5943
1614,141,2024-12-08,故障維修,4897
415,260,2024-12-08,定期保養,1337
2268,286,2024-12-09,定期保養,630
1820,168,2024-12-09,性能檢測,1298
1695,162,2024-12-10,性能檢測,1300
2026,114,2024-12-11,零件更換,3348
522,167,2024-12-11,零件更換,2986
1530,225,2024-12-11,零件更換,4550
2417,168,2024-12-12,性能檢測,854
1682,392,2024-12-12,定期保養,1523
1956,376,2024-12-13,零件更換,2837
915,229,2024-12-13,故障維修,5870
2256,236,2024-12-14,定期保養,1489
1455,11,2024-12-15,性能檢測,1238
1538,277,2024-12-15,性能檢測,815
549,218,2024-12-15,性能檢測,1397
1027,346,2024-12-16,故障維修,4600
1577,9,2024-12-16,故障維修,5416
1881,280,2024-12-17,清潔消毒,1064
840,260,2024-12-18,定期保養,1063
2384,185,2024-12-19,零件更換,7635
170,241,2024-12-22,性能檢測,487
2370,296,2024-12-22,定期保養,774
1134,95,2024-12-23,性能檢測,1006
1554,357,2024-12-23,定期保養,1032
700,204,2024-12-23,定期保養,878
92,288,2024-12-23,清潔消毒,715
1520,373,2024-12-23,清潔消毒,813
1292,57,2024-12-23,故障維修,4692
1297,69,2024-12-24,零件更換,3137
2410,195,2024-12-25,故障維修,3843
510,295,2024-12-25,性能檢測,1446
1984,205,2024-12-25,定期保養,1744
1818,311,2024-12-27,性能檢測,1308
286,13,2024-12-28,性能檢測,816
561,287,2024-12-29,定期保養,1597
2212,324,2024-12-29,定期保養,1246
2134,220,2024-12-30,性能檢測,1075
1324,95,2024-12-30,清潔消毒,359
472,391,2024-12-30,故障維修,3103
2435,389,2024-12-31,定期保養,1773
1457,281,2025-01-01,零件更換,2761
1252,204,2025-01-03,零件更換,7944
18,219,2025-01-05,定期保養,1209
712,244,2025-01-05,清潔消毒,969
2447,114,2025-01-05,性能檢測,685
439,287,2025-01-05,定期保養,691
1729,326,2025-01-07,清潔消毒,1122
1205,206,2025-01-08,清潔消毒,868
1692,210,2025-01-09,定期保養,765
1441,391,2025-01-10,故障維修,5753
1918,242,2025-01-10,故障維修,2617
1522,376,2025-01-10,定期保養,1422
2184,133,2025-01-11,故障維修,5714
375,29,2025-01-11,清潔消毒,503
1405,272,2025-01-12,故障維修,3896
85,135,2025-01-12,清潔消毒,884
1490,192,2025-01-13,故障維修,4091
1748,114,2025-01-14,故障維修,4988
986,207,2025-01-15,性能檢測,1088
1958,182,2025-01-15,故障維修,3782
521,242,2025-01-15,故障維修,5922
941,120,2025-01-18,故障維修,5563
951,246,2025-01-19,性能檢測,1442
270,128,2025-01-19,清潔消毒,941
1635,373,2025-01-19,零件更換,5655
1211,183,2025-01-19,故障維修,5012
1311,32,2025-01-20,零件更換,5967
626,163,2025-01-20,零件更換,5364
1900,317,2025-01-20,清潔消毒,893
1173,260,2025-01-21,故障維修,5056
1511,325,2025-01-22,清潔消毒,511
2481,120,2025-01-23,定期保養,1698
934,220,2025-01-23,故障維修,5768
2110,395,2025-01-24,定期保養,654
1797,290,2025-01-25,定期保養,558
2272,169,2025-01-25,定期保養,1060
1617,399,2025-01-26,定期保養,1257
51,391,2025-01-26,清潔消毒,1124
1216,95,2025-01-26,定期保養,1545
557,57,2025-01-27,定期保養,1680
1943,317,2025-01-28,清潔消毒,330
2091,314,2025-01-28,定期保養,1091
1366,56,2025-01-29,性能檢測,1018
1371,391,2025-01-30,故障維修,5758
1794,276,2025-01-30,零件更換,2738
390,325,2025-01-31,性能檢測,1490
17,133,2025-01-31,清潔消毒,1008
1167,333,2025-02-01,性能檢測,1001
189,221,2025-02-02,故障維修,4874
499,392,2025-02-02,性能檢測,967
383,259,2025-02-03,清潔消毒,357
1965,236,2025-02-03,零件更換,7880
2380,321,2025-02-03,定期保養,545
1187,280,2025-02-04,定期保養,1772
1316,263,2025-02-04,故障維修,1890
2056,272,2025-02-04,故障維修,2134
1674,324,2025-02-05,性能檢測,792
11,8,2025-02-06,故障維修,4891
716,374,2025-02-07,定期保養,506
585,260,2025-02-09,零件更換,7062
435,34,2025-02-10,清潔消毒,1034
86,142,2025-02-11,定期保養,1167
689,311,2025-02-12,定期保養,948
465,389,2025-02-12,零件更換,7399
1041,225,2025-02-14,定期保養,1418
2123,391,2025-02-14,故障維修,4565
1529,323,2025-02-14,故障維修,5723
1162,55,2025-02-15,零件更換,7955
1938,331,2025-02-15,故障維修,4166
296,219,2025-02-16,零件更換,2267
396,375,2025-02-16,故障維修,3274
1114,225,2025-02-17,性能檢測,542
1909,142,2025-02-17,故障維修,4117
330,107,2025-02-19,定期保養,1122
2342,29,2025-02-19,零件更換,2654
727,59,2025-02-20,清潔消毒,761
58,84,2025-02-20,清潔消毒,414
2170,142,2025-02-20,性能檢測,1050
2200,167,2025-02-21,故障維修,4101
203,69,2025-02-21,零件更換,3821
519,395,2025-02-21,清潔消毒,1124
662,395,2025-02-22,故障維修,5707
1341,113,2025-02-22,定期保養,701
101,11,2025-02-23,定期保養,1179
1392,30,2025-02-24,定期保養,638
2094,219,2025-02-24,故障維修,2980
222,235,2025-02-26,故障維修,2439
684,272,2025-02-26,定期保養,1161
1022,130,2025-02-26,故障維修,3262
2297,95,2025-02-27,清潔消毒,1190
1050,8,2025-02-27,定期保養,1060
1358,182,2025-02-28,零件更換,6261
1067,103,2025-03-01,故障維修,4833
2427,49,2025-03-01,定期保養,1472
1905,301,2025-03-01,清潔消毒,421
574,256,2025-03-01,故障維修,5800
1608,322,2025-03-03,零件更換,5336
641,8,2025-03-04,故障維修,5144
1598,32,2025-03-04,零件更換,3601
1656,378,2025-03-05,零件更換,2065
233,237,2025-03-05,故障維修,4626
1920,179,2025-03-05,故障維修,5008
1740,179,2025-03-06,清潔消毒,548
498,32,2025-03-07,定期保養,1637
1228,120,2025-03-09,清潔消毒,877
1452,254,2025-03-09,定期保養,707
602,121,2025-03-10,故障維修,4899
1035,32,2025-03-11,定期保養,1720
1757,388,2025-03-11,性能檢測,1237
78,30,2025-03-12,定期保養,1165
679,391,2025-03-14,清潔消毒,1039
1217,33,2025-03-14,故障維修,2332
1703,136,2025-03-14,零件更換,5068
173,214,2025-03-14,故障維修,4648
345,174,2025-03-15,零件更換,4431
1372,76,2025-03-15,零件更換,7292
1404,297,2025-03-16,故障維修,1734
1982,323,2025-03-17,故障維修,5006
487,18,2025-03-17,定期保養,1038
2006,307,2025-03-19,零件更換,3950
983,44,2025-03-19,定期保養,1017
849,210,2025-03-19,定期保養,1072
2391,165,2025-03-19,定期保養,1167
2471,98,2025-03-20,定期保養,801
1506,174,2025-03-22,性能檢測,881
1521,24,2025-03-22,定期保養,1611
1298,44,2025-03-24,定期保養,1399
632,360,2025-03-25,定期保養,729
2252,367,2025-03-26,故障維修,3524
1123,346,2025-03-27,故障維修,2600
692,183,2025-03-28,故障維修,4998
1539,76,2025-03-29,故障維修,3695
121,325,2025-03-29,零件更換,4465
1105,399,2025-03-29,故障維修,3331
702,21,2025-03-30,定期保養,863
1219,267,2025-03-31,性能檢測,959
206,4,2025-03-31,定期保養,1778
1643,219,2025-03-31,零件更換,4881
798,234,2025-04-01,定期保養,1389
2043,219,2025-04-01,零件更換,6910
764,300,2025-04-02,故障維修,1551
1774,386,2025-04-02,故障維修,3394
759,359,2025-04-03,清潔消毒,610
43,13,2025-04-03,定期保養,646
191,39,2025-04-04,故障維修,4268
2269,102,2025-04-04,定期保養,1111
664,102,2025-04-04,故障維修,4863
2083,198,2025-04-05,定期保養,1567
909,114,2025-04-05,性能檢測,1495
1480,186,2025-04-06,定期保養,1060
463,301,2025-04-07,清潔消毒,421
27,86,2025-04-07,故障維修,2481
2084,367,2025-04-08,零件更換,7101
622,91,2025-04-09,定期保養,1415
982,312,2025-04-09,故障維修,5799
1534,119,2025-04-10,零件更換,6587
1236,163,2025-04-10,故障維修,1801
1677,32,2025-04-11,清潔消毒,785
2040,110,2025-04-11,故障維修,4956
69,31,2025-04-11,零件更換,4556
1487,172,2025-04-11,定期保養,720
493,121,2025-04-11,故障維修,5074
2066,317,2025-04-11,性能檢測,410
1983,196,2025-04-12,零件更換,7696
2328,1,2025-04-12,定期保養,774
835,208,2025-04-13,定期保養,1216
1468,177,2025-04-13,零件更換,6060
2018,362,2025-04-13,故障維修,1870
678,173,2025-04-13,故障維修,5460
445,325,2025-04-14,定期保養,1084
2461,399,2025-04-14,定期保養,1340
1694,62,2025-04-14,故障維修,2636
958,18,2025-04-14,故障維修,5163
125,98,2025-04-14,定期保養,685
398,184,2025-04-15,故障維修,5314
943,265,2025-04-15,定期保養,1554
1532,250,2025-04-15,定期保養,1401
2217,333,2025-04-15,零件更換,4989
1579,249,2025-04-15,定期保養,1659
500,395,2025-04-17,定期保養,1485
2305,375,2025-04-18,定期保養,1320
1501,218,2025-04-18,性能檢測,1325
558,11,2025-04-18,性能檢測,1146
1741,332,2025-04-19,定期保養,734
2312,351,2025-04-20,故障維修,4600
1575,95,2025-04-20,定期保養,1535
2167,260,2025-04-20,定期保養,1648
417,128,2025-04-21,零件更換,3257
743,302,2025-04-22,故障維修,4154
1793,214,2025-04-22,故障維修,1770
133,51,2025-04-22,故障維修,1502
591,59,2025-04-23,定期保養,756
1494,30,2025-04-25,定期保養,1714
870,383,2025-04-25,定期保養,1562
1873,210,2025-04-26,故障維修,2261
1589,183,2025-04-26,零件更換,6673
2490,165,2025-04-27,故障維修,3956
2176,335,2025-04-28,性能檢測,780
1814,8,2025-04-29,故障維修,2609
2459,206,2025-04-29,故障維修,4133
1117,39,2025-04-30,故障維修,2888
2443,308,2025-04-30,故障維修,2416
1352,237,2025-05-01,故障維修,3915
221,269,2025-05-02,零件更換,7365
128,345,2025-05-04,定期保養,752
760,317,2025-05-06,定期保養,1056
32,71,2025-05-06,清潔消毒,1137
2096,318,2025-05-07,定期保養,1196
347,260,2025-05-07,清潔消毒,1035
597,272,2025-05-08,零件更換,2460
961,33,2025-05-08,定期保養,1079
2020,272,2025-05-08,零件更換,5834
303,225,2025-05-09,零件更換,7471
687,236,2025-05-10,定期保養,1003
1191,27,2025-05-10,零件更換,3278
931,59,2025-05-10,故障維修,3968
407,171,2025-05-11,性能檢測,677
1174,114,2025-05-12,零件更換,3079
219,265,2025-05-12,故障維修,2441
2071,305,2025-05-12,故障維修,3579
1147,321,2025-05-12,清潔消毒,369
2031,86,2025-05-12,故障維修,3928
824,174,2025-05-12,故障維修,5739
1935,275,2025-05-13,性能檢測,983
2214,389,2025-05-14,零件更換,5078
2157,60,2025-05-15,故障維修,2618
25,196,2025-05-15,定期保養,1292
1719,395,2025-05-17,清潔消毒,525
668,68,2025-05-18,故障維修,5310
1980,337,2025-05-18,定期保養,897
263,59,2025-05-19,故障維修,5103
447,395,2025-05-20,零件更換,4981
179,378,2025-05-20,性能檢測,1116
227,392,2025-05-21,定期保養,1589
1079,95,2025-05-22,定期保養,1121
2264,189,2025-05-22,故障維修,4964
1136,31,2025-05-22,零件更換,5080
864,188,2025-05-22,定期保養,1429
1190,287,2025-05-23,故障維修,5316
1764,205,2025-05-24,故障維修,5350
1721,60,2025-05-24,故障維修,2745
81,347,2025-05-25,故障維修,2180
1393,71,2025-05-25,零件更換,6290
1033,99,2025-05-25,故障維修,5129
237,122,2025-05-26,定期保養,1127
1072,100,2025-05-26,故障維修,1765
1776,137,2025-05-26,定期保養,1223
1733,220,2025-05-26,定期保養,1140
336,16,2025-05-26,零件更換,7846
1952,95,2025-05-26,零件更換,5912
1869,57,2025-05-26,定期保養,1125
1470,316,2025-05-26,性能檢測,1069
1832,247,2025-05-27,清潔消毒,946
1987,296,2025-05-29,定期保養,1218
2285,59,2025-05-29,定期保養,1312
2243,239,2025-05-30,定期保養,680
1339,29,2025-05-31,故障維修,2299
1817,129,2025-06-01,性能檢測,992
1884,307,2025-06-01,故障維修,5380
1068,46,2025-06-01,零件更換,6184
1202,10,2025-06-02,故障維修,2792
1303,21,2025-06-02,故障維修,4657
868,77,2025-06-02,零件更換,4944
318,73,2025-06-02,定期保養,933
477,30,2025-06-04,定期保養,829
1399,254,2025-06-05,定期保養,1212
158,308,2025-06-05,故障維修,5800
430,49,2025-06-05,定期保養,1480
1919,172,2025-06-05,定期保養,838
788,174,2025-06-06,定期保養,685
646,359,2025-06-06,零件更換,6793
2101,369,2025-06-06,零件更換,3758
351,210,2025-06-06,定期保養,1626
131,181,2025-06-07,零件更換,7255
1137,342,2025-06-09,零件更換,3076
2376,120,2025-06-09,定期保養,1282
1229,395,2025-06-09,故障維修,1727
877,290,2025-06-09,零件更換,3406
41,52,2025-06-10,零件更換,5401
251,129,2025-06-11,定期保養,1230
155,395,2025-06-11,清潔消毒,859
279,286,2025-06-11,零件更換,5683
1750,59,2025-06-12,故障維修,5154
111,126,2025-06-13,故障維修,3685
1384,113,2025-06-13,故障維修,4252
1172,394,2025-06-14,定期保養,523
1843,188,2025-06-15,定期保養,666
1615,145,2025-06-16,零件更換,2073
437,30,2025-06-16,定期保養,617
410,38,2025-06-17,零件更換,7105
1707,263,2025-06-17,定期保養,1190
844,389,2025-06-17,零件更換,3932
327,230,2025-06-18,清潔消毒,569
2314,286,2025-06-18,定期保養,1185
2260,186,2025-06-19,故障維修,3233
1069,154,2025-06-22,定期保養,1731
577,62,2025-06-22,清潔消毒,939
261,253,2025-06-23,清潔消毒,375
2037,48,2025-06-24,定期保養,1064
418,143,2025-06-24,故障維修,1864
804,249,2025-06-24,清潔消毒,770
2059,265,2025-06-24,故障維修,4227
1064,181,2025-06-25,定期保養,506
1076,183,2025-06-25,零件更換,5359
312,32,2025-06-26,零件更換,2616
174,98,2025-06-26,定期保養,1039
1083,181,2025-06-27,清潔消毒,1187
1706,44,2025-06-28,故障維修,2134
630,110,2025-06-28,故障維修,1746
2315,398,2025-06-29,故障維修,5980
1154,276,2025-06-30,定期保養,1051
2111,59,2025-06-30,清潔消毒,474
1903,307,2025-06-30,定期保養,645
311,188,2025-06-30,故障維修,5984
881,99,2025-07-01,定期保養,1565
1560,362,2025-07-03,清潔消毒,821
720,296,2025-07-03,故障維修,4120
563,58,2025-07-03,定期保養,1122
1416,377,2025-07-04,零件更換,4670
1350,16,2025-07-04,定期保養,540
2120,355,2025-07-05,清潔消毒,703
2135,292,2025-07-05,零件更換,4394
569,365,2025-07-05,清潔消毒,758
1016,373,2025-07-05,清潔消毒,875
432,308,2025-07-05,定期保養,1299
1475,143,2025-07-06,定期保養,1233
2390,280,2025-07-07,清潔消毒,1148
1799,29,2025-07-07,零件更換,6858
2437,169,2025-07-07,清潔消毒,416
275,213,2025-07-08,定期保養,508
2250,48,2025-07-08,性能檢測,1044
1923,255,2025-07-11,清潔消毒,791
1756,322,2025-07-11,清潔消毒,309
130,213,2025-07-11,故障維修,4259
309,319,2025-07-12,清潔消毒,742
2246,219,2025-07-12,故障維修,5391
1051,351,2025-07-12,定期保養,1724
923,360,2025-07-12,零件更換,2707
1465,400,2025-07-12,故障維修,3335
315,335,2025-07-13,定期保養,1020
584,143,2025-07-13,零件更換,7183
1203,9,2025-07-14,定期保養,1310
429,154,2025-07-14,定期保養,864
408,5,2025-07-14,定期保養,1508
1373,343,2025-07-15,清潔消毒,801
1807,270,2025-07-15,清潔消毒,904
1625,73,2025-07-17,零件更換,5036
1991,309,2025-07-18,零件更換,6253
2222,225,2025-07-19,故障維修,5323
2086,208,2025-07-19,性能檢測,1341
1272,345,2025-07-20,性能檢測,616
1525,205,2025-07-20,故障維修,2764
811,395,2025-07-20,定期保養,540
1844,252,2025-07-20,故障維修,4007
598,72,2025-07-21,定期保養,1487
1436,11,2025-07-21,定期保養,1628
2356,51,2025-07-21,零件更換,7120
427,188,2025-07-21,性能檢測,1173
1085,382,2025-07-21,定期保養,914
2301,322,2025-07-21,清潔消毒,959
2472,390,2025-07-22,清潔消毒,1065
440,33,2025-07-22,零件更換,4637
2445,188,2025-07-22,定期保養,1298
633,213,2025-07-22,定期保養,1291
1005,324,2025-07-23,零件更換,5917
2143,288,2025-07-23,故障維修,3919
337,343,2025-07-23,故障維修,1996
719,53,2025-07-24,零件更換,4028
104,212,2025-07-24,定期保養,920
1731,134,2025-07-24,定期保養,1391
1759,46,2025-07-25,性能檢測,1152
897,128,2025-07-25,定期保養,1210
1346,183,2025-07-25,定期保養,634
231,319,2025-07-25,故障維修,4914
1155,255,2025-07-25,零件更換,3573
1585,396,2025-07-26,零件更換,6270
152,103,2025-07-26,故障維修,2369
1333,98,2025-07-26,清潔消毒,918
1279,60,2025-07-27,定期保養,944
2361,5,2025-07-27,定期保養,543
853,91,2025-07-28,清潔消毒,792
1423,16,2025-07-29,定期保養,1401
808,373,2025-07-29,故障維修,3258
538,107,2025-07-29,清潔消毒,842
952,272,2025-07-29,零件更換,7747
1193,150,2025-07-30,性能檢測,569
93,307,2025-07-31,故障維修,4029
2048,287,2025-07-31,定期保養,1531
193,362,2025-08-01,零件更換,2042
2421,68,2025-08-01,清潔消毒,1038
1543,235,2025-08-01,故障維修,5454
1582,172,2025-08-02,故障維修,5681
783,110,2025-08-03,故障維修,2546
2402,29,2025-08-04,故障維修,4014
1512,291,2025-08-04,故障維修,5037
2456,59,2025-08-06,性能檢測,412
1454,235,2025-08-06,零件更換,6190
691,141,2025-08-07,清潔消毒,1167
1701,390,2025-08-08,故障維修,3734
2457,189,2025-08-08,故障維修,2102
45,114,2025-08-08,性能檢測,1028
2480,319,2025-08-09,零件更換,4808
492,256,2025-08-09,故障維修,2370
359,379,2025-08-09,零件更換,3403
848,400,2025-08-11,故障維修,1566
2035,250,2025-08-11,故障維修,2168
1925,319,2025-08-11,故障維修,2882
2267,241,2025-08-13,性能檢測,993
307,216,2025-08-14,定期保養,1732
1269,246,2025-08-14,性能檢測,1321
143,208,2025-08-15,定期保養,1799
578,373,2025-08-16,故障維修,5461
228,172,2025-08-16,清潔消毒,961
1361,367,2025-08-16,故障維修,2615
1377,190,2025-08-16,零件更換,4917
1914,162,2025-08-17,定期保養,571
2385,139,2025-08-17,定期保養,821
2172,28,2025-08-17,清潔消毒,1138
1425,395,2025-08-17,定期保養,938
1849,358,2025-08-17,故障維修,5205
644,143,2025-08-17,性能檢測,613
1378,215,2025-08-18,清潔消毒,832
305,295,2025-08-18,定期保養,1537
460,50,2025-08-18,零件更換,2786
789,197,2025-08-19,定期保養,978
645,51,2025-08-19,故障維修,3608
1736,358,2025-08-19,零件更換,4538
1171,254,2025-08-20,定期保養,1595
364,227,2025-08-20,清潔消毒,486
1010,206,2025-08-20,零件更換,5983
1159,350,2025-08-20,定期保養,606
828,151,2025-08-21,定期保養,554
2014,59,2025-08-22,故障維修,4424
2452,391,2025-08-22,故障維修,5235
2283,202,2025-08-22,零件更換,2613
326,297,2025-08-23,定期保養,963
411,139,2025-08-23,故障維修,4422
2430,358,2025-08-23,清潔消毒,634
1062,395,2025-08-23,故障維修,2648
389,303,2025-08-24,定期保養,1130
505,279,2025-08-24,清潔消毒,1186
9,247,2025-08-25,性能檢測,498
1034,51,2025-08-25,定期保養,566
1275,204,2025-08-25,零件更換,7178
1291,173,2025-08-27,零件更換,5883
761,64,2025-08-27,定期保養,1471
471,5,2025-08-27,定期保養,1796
2454,151,2025-08-27,零件更換,5259
683,71,2025-08-27,故障維修,4232
105,367,2025-08-28,定期保養,604
1509,249,2025-08-28,定期保養,1772
406,360,2025-08-28,定期保養,1172
1220,119,2025-08-29,清潔消毒,816
230,260,2025-08-29,清潔消毒,1139
474,359,2025-08-30,清潔消毒,872
2266,260,2025-08-30,零件更換,6763
2017,151,2025-08-31,清潔消毒,1039
2348,159,2025-09-01,零件更換,4179
1053,379,2025-09-01,故障維修,3003
2306,173,2025-09-02,性能檢測,1040
1913,400,2025-09-02,性能檢測,781
891,293,2025-09-03,性能檢測,1292
2270,214,2025-09-03,定期保養,755
370,28,2025-09-04,故障維修,3289
1097,95,2025-09-04,清潔消毒,314
1594,44,2025-09-05,故障維修,5426
1015,287,2025-09-05,故障維修,5312
945,89,2025-09-06,零件更換,7387
838,160,2025-09-06,故障維修,3002
1382,172,2025-09-06,性能檢測,1382
1882,351,2025-09-06,故障維修,3287
694,105,2025-09-08,零件更換,3189
1040,137,2025-09-08,定期保養,1456
109,99,2025-09-08,故障維修,3390
2245,343,2025-09-09,清潔消毒,419
171,275,2025-09-09,定期保養,1380
466,165,2025-09-09,故障維修,5256
163,260,2025-09-10,定期保養,576
1581,100,2025-09-13,清潔消毒,432
2363,129,2025-09-13,故障維修,3316
1483,227,2025-09-13,故障維修,3909
566,241,2025-09-13,性能檢測,932
1858,196,2025-09-14,故障維修,2284
672,360,2025-09-15,故障維修,3072
455,46,2025-09-16,定期保養,1776
564,6,2025-09-17,定期保養,1229
490,359,2025-09-17,故障維修,3217
817,241,2025-09-17,性能檢測,850
1605,28,2025-09-18,定期保養,541
1168,211,2025-09-18,清潔消毒,870
280,319,2025-09-20,定期保養,1714
1394,218,2025-09-20,故障維修,3050
589,55,2025-09-20,故障維修,5488
1592,398,2025-09-20,故障維修,4075
833,59,2025-09-20,零件更換,7080
533,400,2025-09-21,定期保養,707
2223,41,2025-09-21,定期保養,1666
483,195,2025-09-21,清潔消毒,1009
393,164,2025-09-22,故障維修,5696
1262,321,2025-09-23,清潔消毒,970
829,297,2025-09-24,性能檢測,1269
2434,126,2025-09-24,定期保養,559
568,188,2025-09-25,零件更換,2138
2112,88,2025-09-25,定期保養,1347
2394,60,2025-09-25,故障維修,3567
1833,239,2025-09-26,清潔消毒,1124
1006,269,2025-09-26,故障維修,3984
1876,226,2025-09-26,定期保養,1608
572,317,2025-09-27,定期保養,1129
1043,139,2025-09-27,性能檢測,952
240,74,2025-09-27,定期保養,1654
1184,375,2025-09-28,定期保養,1309
1526,113,2025-09-28,性能檢測,1139
1214,319,2025-09-29,故障維修,1937
1362,92,2025-09-29,定期保養,982
238,10,2025-09-29,定期保養,1204
988,186,2025-09-30,性能檢測,1232
729,87,2025-09-30,故障維修,2940
2496,207,2025-09-30,清潔消毒,457
1834,302,2025-09-30,故障維修,2651
1569,257,2025-09-30,故障維修,3025
1364,260,2025-10-01,零件更換,5573
1036,283,2025-10-02,故障維修,3177
841,6,2025-10-03,定期保養,966
1886,197,2025-10-03,定期保養,689
1145,117,2025-10-03,清潔消毒,578
167,140,2025-10-04,故障維修,1605
593,77,2025-10-04,清潔消毒,538
91,51,2025-10-05,故障維修,3632
1879,130,2025-10-05,零件更換,7188
355,28,2025-10-06,定期保養,1218
1778,188,2025-10-07,性能檢測,812
1449,382,2025-10-08,故障維修,2142
2282,159,2025-10-09,定期保養,1782
399,303,2025-10-10,故障維修,1591
525,335,2025-10-10,清潔消毒,890
37,133,2025-10-11,清潔消毒,1056
1891,42,2025-10-12,性能檢測,1061
2047,27,2025-10-12,定期保養,1775
2129,355,2025-10-13,故障維修,4360
2063,324,2025-10-13,性能檢測,988
162,260,2025-10-15,清潔消毒,1140
22,59,2025-10-15,性能檢測,755
185,113,2025-10-15,故障維修,3699
2034,392,2025-10-16,性能檢測,1142
441,34,2025-10-16,性能檢測,1058
1502,204,2025-10-16,故障維修,2160
1809,73,2025-10-16,零件更換,6861
141,389,2025-10-16,性能檢測,1316
2207,122,2025-10-16,清潔消毒,375
13,333,2025-10-16,定期保養,956
39,278,2025-10-17,定期保養,931
2259,138,2025-10-19,故障維修,5837
832,194,2025-10-19,性能檢測,1454
605,51,2025-10-19,定期保養,1076
1500,347,2025-10-20,性能檢測,952
1135,278,2025-10-20,定期保養,722
1713,316,2025-10-20,性能檢測,570
1112,97,2025-10-21,定期保養,758
1074,7,2025-10-21,零件更換,4340
126,183,2025-10-22,定期保養,1651
1390,195,2025-10-22,性能檢測,634
1766,142,2025-10-22,清潔消毒,1190
940,237,2025-10-23,零件更換,7156
319,66,2025-10-23,定期保養,643
905,182,2025-10-23,定期保養,584
834,74,2025-10-24,故障維修,2364
1796,34,2025-10-24,零件更換,3257
1990,296,2025-10-24,零件更換,3265
928,226,2025-10-24,定期保養,1677
482,283,2025-10-24,定期保養,932
1523,154,2025-10-24,定期保養,1141
2411,280,2025-10-25,定期保養,852
1093,249,2025-10-25,故障維修,4702
478,230,2025-10-26,定期保養,1490
1696,27,2025-10-26,零件更換,7497
556,175,2025-10-26,零件更換,6611
576,384,2025-10-27,故障維修,2381
2495,213,2025-10-27,清潔消毒,832
2271,44,2025-10-28,故障維修,3002
1705,188,2025-10-29,零件更換,6967
2247,26,2025-10-31,零件更換,6742
1612,265,2025-10-31,定期保養,596
1443,274,2025-11-01,零件更換,2493
1761,195,2025-11-01,故障維修,4259
2221,287,2025-11-01,清潔消毒,727
2033,198,2025-11-02,定期保養,513
413,384,2025-11-02,故障維修,2338
1322,68,2025-11-02,故障維修,3426
2321,367,2025-11-03,定期保養,1063
944,333,2025-11-05,零件更換,2380
332,305,2025-11-05,性能檢測,471
1563,316,2025-11-06,零件更換,5185
1941,24,2025-11-07,定期保養,746
1519,105,2025-11-07,性能檢測,1404
1439,87,2025-11-08,故障維修,2963
532,400,2025-11-08,故障維修,5869
66,226,2025-11-09,故障維修,3403
1747,7,2025-11-09,清潔消毒,567
1012,396,2025-11-09,故障維修,3691
599,82,2025-11-10,定期保養,856
747,168,2025-11-10,性能檢測,1165
2016,179,2025-11-11,故障維修,3118
1194,256,2025-11-11,定期保養,673
772,340,2025-11-11,零件更換,4279
394,314,2025-11-11,定期保養,1579
1056,154,2025-11-11,故障維修,5718
2165,201,2025-11-11,故障維修,4944
1411,89,2025-11-12,定期保養,535
1166,328,2025-11-12,性能檢測,1237
575,346,2025-11-13,定期保養,1067
652,225,2025-11-13,清潔消毒,331
627,197,2025-11-13,定期保養,545
823,145,2025-11-14,零件更換,4381
1791,63,2025-11-14,定期保養,864
1469,350,2025-11-15,性能檢測,909
480,219,2025-11-15,定期保養,1269
1865,395,2025-11-15,零件更換,5718
1726,26,2025-11-15,故障維修,5111
552,342,2025-11-17,定期保養,666
314,389,2025-11-18,清潔消毒,446
38,42,2025-11-18,定期保養,1083
1998,28,2025-11-18,定期保養,1029
1772,317,2025-11-19,定期保養,818
1403,14,2025-11-20,定期保養,928
2412,59,2025-11-21,故障維修,4455
1910,63,2025-11-21,性能檢測,974
68,322,2025-11-21,定期保養,774
2209,127,2025-11-21,定期保養,1415
20,127,2025-11-22,定期保養,1059
100,45,2025-11-24,零件更換,4997
2485,197,2025-11-26,故障維修,3831
1536,52,2025-11-26,故障維修,4338
273,348,2025-11-26,清潔消毒,1062
50,79,2025-11-27,清潔消毒,1149
1488,283,2025-11-28,零件更換,2994
2404,135,2025-11-28,零件更換,5029
1276,44,2025-11-30,清潔消毒,1191
2478,318,2025-12-01,定期保養,824
139,160,2025-12-01,故障維修,4068
2353,252,2025-12-02,故障維修,1792
1222,63,2025-12-02,定期保養,966
214,97,2025-12-02,零件更換,6083
70,395,2025-12-03,零件更換,7298
1988,208,2025-12-04,清潔消毒,765
1743,311,2025-12-05,定期保養,1616
479,391,2025-12-05,故障維修,4682
1301,11,2025-12-05,性能檢測,1102
2278,210,2025-12-06,故障維修,3360
707,141,2025-12-06,故障維修,3348
1440,274,2025-12-06,零件更換,7867
363,196,2025-12-07,定期保養,510
1504,149,2025-12-08,定期保養,1278
2025,181,2025-12-08,故障維修,5274
2326,386,2025-12-08,故障維修,3778
1665,398,2025-12-08,故障維修,5919
942,230,2025-12-09,故障維修,4130
2225,5,2025-12-10,零件更換,4028
1115,242,2025-12-10,故障維修,5508
2426,362,2025-12-10,定期保養,1688
324,122,2025-12-10,清潔消毒,1157
906,359,2025-12-11,故障維修,5762
1094,214,2025-12-11,故障維修,5026
1415,222,2025-12-11,定期保養,1256
725,237,2025-12-11,定期保養,1726
211,227,2025-12-11,定期保養,1329
776,63,2025-12-12,性能檢測,427
1223,185,2025-12-12,零件更換,7220
204,361,2025-12-13,故障維修,4502
1175,260,2025-12-13,清潔消毒,522
1745,180,2025-12-14,清潔消毒,693
565,154,2025-12-15,性能檢測,639
1334,400,2025-12-16,故障維修,2389
818,174,2025-12-16,性能檢測,1484
1753,5,2025-12-17,零件更換,3980
1226,263,2025-12-17,定期保養,1664
1697,11,2025-12-17,清潔消毒,753
1836,268,2025-12-17,定期保養,1137
1994,58,2025-12-18,清潔消毒,526
807,376,2025-12-18,定期保養,776
2280,29,2025-12-18,定期保養,758
71,312,2025-12-19,故障維修,3361
2196,191,2025-12-19,故障維修,4492
1862,268,2025-12-19,定期保養,1440
2050,33,2025-12-20,零件更換,2874
1875,296,2025-12-20,性能檢測,654
1080,384,2025-12-20,故障維修,4771
741,197,2025-12-20,零件更換,4181
1307,289,2025-12-21,零件更換,3741
2241,319,2025-12-21,定期保養,551
2438,149,2025-12-21,故障維修,4546
451,315,2025-12-21,性能檢測,1414
594,150,2025-12-22,定期保養,537
1600,359,2025-12-22,故障維修,2610
996,39,2025-12-22,定期保養,1384
686,230,2025-12-23,定期保養,562
301,21,2025-12-24,定期保養,1612
1783,197,2025-12-24,定期保養,781
2344,155,2025-12-24,性能檢測,510
2182,93,2025-12-24,零件更換,2843
1670,328,2025-12-25,故障維修,4277
1013,382,2025-12-25,故障維修,4135
2227,131,2025-12-25,定期保養,881
1602,141,2025-12-25,故障維修,5437
84,26,2025-12-26,故障維修,3691
675,179,2025-12-26,零件更換,3359
1899,155,2025-12-27,零件更換,5450
79,157,2025-12-27,故障維修,4916
1933,231,2025-12-29,零件更換,6796
706,397,2025-12-29,清潔消毒,504
671,73,2025-12-29,零件更換,4162
634,222,2025-12-30,故障維修,2136
2235,272,2025-12-30,清潔消毒,1007
1263,135,2025-12-30,零件更換,3883
1671,167,2025-12-30,零件更換,7180
1548,228,2025-12-30,故障維修,5447
1486,161,2025-12-31,清潔消毒,496
503,135,2026-01-01,定期保養,1297
1058,174,2026-01-01,零件更換,3868
2448,84,2026-01-01,定期保養,1727
1161,331,2026-01-02,故障維修,2275
922,205,2026-01-03,故障維修,5684
1474,176,2026-01-04,定期保養,1486
1245,307,2026-01-05,清潔消毒,533
1471,234,2026-01-05,定期保養,909
753,258,2026-01-05,零件更換,6921
1119,116,2026-01-05,定期保養,1219
223,40,2026-01-05,故障維修,3110
1025,382,2026-01-06,性能檢測,792
1199,303,2026-01-06,零件更換,2591
2254,333,2026-01-07,故障維修,5931
1227,173,2026-01-07,零件更換,6233
1192,238,2026-01-07,零件更換,4523
2114,359,2026-01-07,定期保養,810
1283,231,2026-01-08,定期保養,1029
2442,226,2026-01-08,定期保養,1348
624,205,2026-01-09,定期保養,1142
425,24,2026-01-09,性能檢測,750
1591,282,2026-01-09,性能檢測,448
670,124,2026-01-09,定期保養,1379
2311,211,2026-01-10,清潔消毒,326
1019,369,2026-01-10,零件更換,5340
1609,100,2026-01-10,故障維修,5887
2186,378,2026-01-11,故障維修,2978
1497,255,2026-01-11,定期保養,1787
705,26,2026-01-12,定期保養,1693
244,163,2026-01-12,故障維修,3245
745,100,2026-01-12,性能檢測,422
1874,337,2026-01-12,故障維修,5479
803,237,2026-01-12,故障維修,5982
2468,15,2026-01-12,定期保養,1487
1955,400,2026-01-12,清潔消毒,1079
1550,260,2026-01-13,定期保養,742
129,3,2026-01-13,性能檢測,418
106,108,2026-01-13,定期保養,829
1305,288,2026-01-14,零件更換,7520
917,129,2026-01-14,定期保養,1543
1803,154,2026-01-16,零件更換,6244
2395,359,2026-01-16,故障維修,1832
746,362,2026-01-17,零件更換,2565
1090,99,2026-01-17,定期保養,1268
1861,314,2026-01-18,定期保養,1429
2368,230,2026-01-18,故障維修,2558
77,312,2026-01-18,定期保養,1651
2453,230,2026-01-18,性能檢測,1417
1559,336,2026-01-18,性能檢測,1278
737,172,2026-01-19,定期保養,546
648,276,2026-01-20,定期保養,1742
2116,64,2026-01-20,故障維修,3847
892,343,2026-01-20,零件更換,2386
2365,237,2026-01-20,定期保養,631
277,321,2026-01-21,清潔消毒,1118
2077,103,2026-01-21,清潔消毒,1050
768,352,2026-01-21,性能檢測,699
2467,172,2026-01-22,定期保養,1122
1667,91,2026-01-22,清潔消毒,713
322,289,2026-01-22,定期保養,756
138,286,2026-01-22,零件更換,6594
908,149,2026-01-22,定期保養,967
1413,118,2026-01-22,定期保養,1140
862,194,2026-01-23,零件更換,4503
1463,44,2026-01-24,故障維修,3163
1152,335,2026-01-24,定期保養,1488
2124,181,2026-01-25,故障維修,3536
1011,95,2026-01-25,清潔消毒,1119
1889,295,2026-01-25,定期保養,1471
873,264,2026-01-25,性能檢測,599
1678,175,2026-01-25,清潔消毒,816
1613,223,2026-01-25,零件更換,5958
826,371,2026-01-26,零件更換,6428
178,170,2026-01-26,性能檢測,1381
67,60,2026-01-27,定期保養,644
603,74,2026-01-28,定期保養,932
1883,262,2026-01-28,故障維修,4227
449,165,2026-01-28,定期保養,1733
496,154,2026-01-29,故障維修,1770
1417,15,2026-01-29,性能檢測,867
2398,10,2026-01-29,清潔消毒,700
2275,384,2026-01-29,故障維修,1906
1048,10,2026-01-30,清潔消毒,1020
2304,128,2026-01-30,定期保養,1098
1120,55,2026-01-30,零件更換,5235
1917,357,2026-01-31,定期保養,1432
2335,48,2026-02-01,零件更換,7247
99,10,2026-02-01,故障維修,4667
1108,306,2026-02-02,定期保養,829
1259,26,2026-02-02,故障維修,4392
134,148,2026-02-02,定期保養,1759
529,24,2026-02-03,定期保養,864
1447,282,2026-02-04,故障維修,5962
89,358,2026-02-04,定期保養,1472
402,363,2026-02-04,故障維修,5912
94,232,2026-02-05,性能檢測,855
985,296,2026-02-05,定期保養,942
799,283,2026-02-05,定期保養,887
485,239,2026-02-05,定期保養,1211
55,245,2026-02-05,故障維修,3449
939,50,2026-02-05,故障維修,4681
224,162,2026-02-06,故障維修,3225
1485,142,2026-02-06,定期保養,626
1046,253,2026-02-06,性能檢測,997
1273,316,2026-02-07,定期保養,530
1801,387,2026-02-07,故障維修,2218
1944,287,2026-02-07,零件更換,6463
1281,255,2026-02-09,零件更換,7226
987,280,2026-02-10,定期保養,1349
2474,293,2026-02-10,性能檢測,859
2228,245,2026-02-10,定期保養,1800
243,368,2026-02-11,故障維修,5353
696,251,2026-02-11,零件更換,7768
1004,296,2026-02-11,故障維修,4996
2012,26,2026-02-11,故障維修,3785
1590,291,2026-02-11,故障維修,5014
1947,188,2026-02-11,清潔消毒,883
724,298,2026-02-12,定期保養,741
2029,113,2026-02-12,故障維修,3922
10,287,2026-02-12,零件更換,4170
461,49,2026-02-13,故障維修,1648
1386,142,2026-02-13,零件更換,3884
1196,350,2026-02-13,零件更換,7137
1,165,2026-02-15,性能檢測,991
570,152,2026-02-17,定期保養,569
1127,36,2026-02-18,定期保養,1281
386,323,2026-02-18,零件更換,6390
865,174,2026-02-19,零件更換,5012
1302,377,2026-02-19,故障維修,5596
1631,305,2026-02-19,零件更換,2819
2132,6,2026-02-20,故障維修,1523
1659,173,2026-02-20,定期保養,902
2002,107,2026-02-20,清潔消毒,1154
127,328,2026-02-21,定期保養,1733
373,40,2026-02-22,零件更換,6838
2261,313,2026-02-24,定期保養,1256
969,234,2026-02-25,清潔消毒,795
1782,363,2026-02-25,定期保養,1223
2220,47,2026-02-25,清潔消毒,520
180,59,2026-02-26,定期保養,641
2137,32,2026-02-27,故障維修,4898
283,165,2026-02-27,定期保養,1152
1319,33,2026-02-28,零件更換,5037
356,263,2026-03-01,清潔消毒,1080
2238,79,2026-03-02,故障維修,1592
2239,32,2026-03-02,性能檢測,1016
1444,189,2026-03-02,零件更換,7065
117,323,2026-03-02,故障維修,1949
1109,283,2026-03-03,性能檢測,1288
858,202,2026-03-04,定期保養,808
845,63,2026-03-04,定期保養,1236
1336,265,2026-03-05,故障維修,2245
2418,15,2026-03-05,定期保養,1211
372,7,2026-03-06,清潔消毒,730
1728,400,2026-03-06,故障維修,3907
1762,338,2026-03-07,清潔消毒,1027
1039,26,2026-03-07,定期保養,736
1032,244,2026-03-08,定期保養,725
1422,211,2026-03-09,零件更換,7710
794,251,2026-03-09,零件更換,4332
416,192,2026-03-09,清潔消毒,329
1681,151,2026-03-09,清潔消毒,479
1629,41,2026-03-09,性能檢測,653
476,398,2026-03-10,零件更換,6803
523,391,2026-03-10,性能檢測,1470
1653,114,2026-03-10,定期保養,777
458,201,2026-03-11,定期保養,1599
2352,368,2026-03-13,定期保養,597
75,287,2026-03-13,故障維修,4675
1940,32,2026-03-15,故障維修,4011
2316,56,2026-03-15,性能檢測,459
198,360,2026-03-16,定期保養,562
140,392,2026-03-17,故障維修,3385
276,210,2026-03-17,定期保養,512
1018,235,2026-03-18,定期保養,844
1961,50,2026-03-18,定期保養,656
1967,78,2026-03-18,定期保養,1547
2144,137,2026-03-19,故障維修,4995
156,105,2026-03-19,定期保養,712
1335,392,2026-03-19,定期保養,1091
438,330,2026-03-19,定期保養,981
1355,205,2026-03-19,零件更換,4040
2487,205,2026-03-19,定期保養,1577
1855,371,2026-03-19,故障維修,1829
573,173,2026-03-20,零件更換,4245
894,173,2026-03-20,零件更換,7873
663,249,2026-03-20,零件更換,6051
792,239,2026-03-21,定期保養,1012
2195,46,2026-03-21,故障維修,2154
1376,350,2026-03-22,定期保養,880
1755,392,2026-03-22,故障維修,4439
1995,303,2026-03-23,故障維修,3970
225,115,2026-03-23,清潔消毒,863
1811,270,2026-03-24,性能檢測,1199
187,327,2026-03-24,故障維修,4200
1901,230,2026-03-25,性能檢測,1052
875,10,2026-03-25,定期保養,1416
1481,328,2026-03-25,零件更換,3912
774,173,2026-03-25,故障維修,3360
1749,307,2026-03-25,定期保養,1131
1966,240,2026-03-25,清潔消毒,1003
1014,15,2026-03-25,故障維修,2156
2299,45,2026-03-26,定期保養,1195
1198,391,2026-03-26,定期保養,1127
726,337,2026-03-26,故障維修,5372
1716,399,2026-03-27,零件更換,5130
2296,4,2026-03-27,定期保養,898
2433,395,2026-03-27,定期保養,863
258,283,2026-03-27,性能檢測,510
172,6,2026-03-27,零件更換,5148
2388,247,2026-03-27,零件更換,7662
467,124,2026-03-27,性能檢測,775
650,208,2026-03-28,清潔消毒,1113
534,230,2026-03-28,零件更換,7980
1110,65,2026-03-28,性能檢測,1390
488,123,2026-03-28,定期保養,1100
699,65,2026-03-29,故障維修,2411
123,138,2026-03-29,故障維修,3349
1551,385,2026-03-30,定期保養,1744
2375,274,2026-03-30,零件更換,7660
2462,354,2026-03-30,定期保養,1594
2300,148,2026-03-31,故障維修,1829
2307,36,2026-03-31,故障維修,3293
433,255,2026-03-31,定期保養,1606
169,16,2026-03-31,故障維修,4373
1620,296,2026-04-01,零件更換,6303
1476,272,2026-04-01,定期保養,1638
947,59,2026-04-01,故障維修,3891
1661,246,2026-04-01,零件更換,6504
1997,387,2026-04-02,故障維修,3790
786,367,2026-04-02,故障維修,3355
1557,251,2026-04-02,故障維修,1581
2127,260,2026-04-03,故障維修,2040
1837,55,2026-04-03,定期保養,658
1926,39,2026-04-04,故障維修,3530
1290,32,2026-04-05,清潔消毒,616
266,298,2026-04-05,性能檢測,521
550,312,2026-04-05,故障維修,4281
629,14,2026-04-05,零件更換,6943
2069,69,2026-04-06,故障維修,4980
846,179,2026-04-06,零件更換,5041
331,155,2026-04-06,零件更換,7302
2062,214,2026-04-07,性能檢測,404
1566,183,2026-04-07,定期保養,561
2188,309,2026-04-07,故障維修,3013
1851,124,2026-04-07,清潔消毒,1013
1231,359,2026-04-07,故障維修,4231
520,63,2026-04-07,定期保養,743
1976,379,2026-04-07,定期保養,665
1462,265,2026-04-09,性能檢測,1235
2039,97,2026-04-09,零件更換,5621
1169,3,2026-04-10,定期保養,902
1638,64,2026-04-10,定期保養,954
820,147,2026-04-11,零件更換,5218
212,281,2026-04-11,故障維修,4770
1637,174,2026-04-11,清潔消毒,967
346,253,2026-04-11,零件更換,6670
74,326,2026-04-11,定期保養,1676
1663,371,2026-04-11,零件更換,5478
341,207,2026-04-12,清潔消毒,672
1126,228,2026-04-12,故障維修,4032
2329,262,2026-04-13,故障維修,1745
423,38,2026-04-13,定期保養,1302
2279,260,2026-04-13,定期保養,514
609,210,2026-04-13,故障維修,4340
114,325,2026-04-13,性能檢測,669
1545,389,2026-04-13,故障維修,4399
580,113,2026-04-13,定期保養,941
2151,147,2026-04-13,定期保養,843
195,148,2026-04-14,故障維修,3160
1241,349,2026-04-14,清潔消毒,1068
1828,391,2026-04-14,定期保養,1459
1400,287,2026-04-14,零件更換,6508
1949,143,2026-04-14,定期保養,917
443,165,2026-04-17,定期保養,881
815,349,2026-04-17,定期保養,1040
621,78,2026-04-17,定期保養,1343
1977,114,2026-04-18,零件更換,7032
651,36,2026-04-19,故障維修,4986
2491,124,2026-04-19,定期保養,1481
2449,24,2026-04-19,定期保養,1183
2477,56,2026-04-19,定期保養,1431
64,156,2026-04-20,定期保養,1207
1295,322,2026-04-20,故障維修,5755
2330,21,2026-04-20,故障維修,3658
836,181,2026-04-20,定期保養,971
965,126,2026-04-21,故障維修,3974
1574,346,2026-04-21,零件更換,3854
196,153,2026-04-22,清潔消毒,567
950,244,2026-04-22,故障維修,3889
1514,7,2026-04-22,定期保養,772
1331,230,2026-04-23,零件更換,7992
1968,160,2026-04-23,定期保養,1447
1610,225,2026-04-23,定期保養,1468
1746,204,2026-04-24,定期保養,1323
545,255,2026-04-25,故障維修,3059
1066,297,2026-04-26,清潔消毒,810
617,25,2026-04-26,故障維修,5412
1037,149,2026-04-26,故障維修,4594
637,223,2026-04-27,性能檢測,1488
1247,56,2026-04-27,故障維修,5430
703,148,2026-04-27,清潔消毒,371
1100,153,2026-04-28,清潔消毒,841
1669,49,2026-04-28,性能檢測,1034
1156,303,2026-04-28,故障維修,4134
1270,127,2026-04-29,定期保養,1242
2332,24,2026-04-30,清潔消毒,577
1347,150,2026-04-30,定期保養,1125
2008,314,2026-05-01,清潔消毒,321
2470,226,2026-05-02,定期保養,1034
657,124,2026-05-03,清潔消毒,1128
1142,152,2026-05-03,故障維修,2123
14,93,2026-05-04,故障維修,2416
1845,381,2026-05-05,性能檢測,1315
1158,355,2026-05-05,定期保養,1706
382,283,2026-05-06,故障維修,2658
2357,363,2026-05-06,清潔消毒,871
587,31,2026-05-07,清潔消毒,859
348,17,2026-05-08,性能檢測,1136
205,249,2026-05-08,定期保養,1349
102,262,2026-05-08,性能檢測,777
1353,188,2026-05-08,定期保養,1417
1775,317,2026-05-09,定期保養,765
5,65,2026-05-09,定期保養,1120
1780,337,2026-05-11,定期保養,1535
2265,249,2026-05-12,定期保養,711
2387,164,2026-05-12,故障維修,5547
1704,210,2026-05-12,故障維修,3679
899,6,2026-05-12,零件更換,7778
1813,115,2026-05-13,定期保養,1521
2089,330,2026-05-13,故障維修,3177
1604,155,2026-05-13,性能檢測,1182
33,26,2026-05-13,性能檢測,749
1767,297,2026-05-14,清潔消毒,846
1979,351,2026-05-14,性能檢測,1248
660,235,2026-05-15,故障維修,4534
2369,149,2026-05-15,故障維修,5038
2440,65,2026-05-15,性能檢測,908
97,219,2026-05-15,定期保養,1635
927,117,2026-05-16,定期保養,806
1645,37,2026-05-16,定期保養,1768
980,244,2026-05-18,定期保養,1556
1239,391,2026-05-18,定期保養,1776
2076,350,2026-05-18,故障維修,5295
1077,169,2026-05-19,定期保養,1504
542,249,2026-05-19,故障維修,4433
1148,269,2026-05-19,故障維修,5272
813,53,2026-05-19,定期保養,1750
2146,330,2026-05-20,定期保養,976
1189,131,2026-05-20,定期保養,1148
269,158,2026-05-20,定期保養,1421
137,218,2026-05-21,清潔消毒,953
292,14,2026-05-21,零件更換,2401
526,201,2026-05-22,清潔消毒,921
267,283,2026-05-22,性能檢測,440
304,262,2026-05-23,零件更換,6784
667,107,2026-05-23,零件更換,6112
2291,251,2026-05-23,定期保養,1553
1552,247,2026-05-23,清潔消毒,772
1805,153,2026-05-24,清潔消毒,420
354,69,2026-05-24,零件更換,3907
1257,87,2026-05-24,定期保養,1464
738,327,2026-05-25,定期保養,1118
1140,242,2026-05-25,零件更換,3339
1823,253,2026-05-25,零件更換,2484
2293,90,2026-05-26,故障維修,3875
1588,176,2026-05-26,定期保養,1496
1870,295,2026-05-26,定期保養,638
1565,330,2026-05-26,定期保養,1007
24,161,2026-05-27,零件更換,2889
543,99,2026-05-27,定期保養,1281
2381,330,2026-05-27,定期保養,525
859,234,2026-05-27,定期保養,1274
2262,247,2026-05-28,零件更換,5921
1816,391,2026-05-28,定期保養,1750
2038,63,2026-05-29,定期保養,1029
2428,387,2026-05-29,零件更換,3626
2429,137,2026-05-29,定期保養,1203
153,61,2026-05-30,性能檢測,1470
1570,194,2026-05-30,定期保養,1260
1541,288,2026-05-30,故障維修,2884
1779,112,2026-05-30,定期保養,1775
1256,184,2026-05-31,定期保養,523
2067,87,2026-05-31,零件更換,7044
342,202,2026-05-31,定期保養,861
843,75,2026-06-01,故障維修,2491
821,323,2026-06-01,零件更換,5757
1082,37,2026-06-01,故障維修,1709
289,125,2026-06-01,定期保養,1500
2292,122,2026-06-02,零件更換,5337
29,242,2026-06-02,性能檢測,1201
978,21,2026-06-03,定期保養,707
2378,318,2026-06-04,定期保養,1034
1343,349,2026-06-06,定期保養,645
1784,262,2026-06-06,定期保養,1635
2032,234,2026-06-06,定期保養,1485
1893,322,2026-06-06,清潔消毒,1086
728,319,2026-06-06,零件更換,5151
1317,220,2026-06-07,故障維修,5384
562,93,2026-06-07,零件更換,2186
2104,283,2026-06-07,故障維修,5353
1683,263,2026-06-07,性能檢測,741
1773,359,2026-06-07,清潔消毒,516
1769,165,2026-06-07,定期保養,1688
1787,262,2026-06-08,故障維修,2069
2169,275,2026-06-08,零件更換,2562
1632,151,2026-06-08,定期保養,1485
282,148,2026-06-08,零件更換,5464
1435,59,2026-06-08,定期保養,765
151,367,2026-06-09,故障維修,5507
2154,331,2026-06-09,性能檢測,658
1652,132,2026-06-09,性能檢測,864
376,139,2026-06-09,零件更換,3076
666,64,2026-06-10,定期保養,882
1133,32,2026-06-10,故障維修,5294
4,245,2026-06-11,定期保養,1234
1699,390,2026-06-12,故障維修,2890
368,365,2026-06-12,故障維修,2575
2469,203,2026-06-12,定期保養,1302
1450,278,2026-06-13,清潔消毒,1169
454,366,2026-06-14,定期保養,1709
1819,257,2026-06-14,故障維修,3946
1388,56,2026-06-14,定期保養,1002
1387,312,2026-06-15,定期保養,1099
1313,227,2026-06-15,故障維修,5521
2464,235,2026-06-16,清潔消毒,819
2360,60,2026-06-16,定期保養,648
1830,128,2026-06-17,定期保養,1315
2488,347,2026-06-19,故障維修,5185
1622,24,2026-06-19,故障維修,2785
636,191,2026-06-19,零件更換,6833
1647,55,2026-06-19,定期保養,1517
2061,26,2026-06-21,故障維修,3414
1433,206,2026-06-21,零件更換,4198
339,203,2026-06-22,定期保養,1079
814,372,2026-06-22,故障維修,4838
1871,328,2026-06-24,故障維修,5208
2226,201,2026-06-25,性能檢測,762
1868,69,2026-06-26,定期保養,1145
721,378,2026-06-26,零件更換,4646
1685,57,2026-06-27,定期保養,942
1790,218,2026-06-27,故障維修,4322
215,288,2026-06-27,定期保養,1245
2156,104,2026-06-27,定期保養,806
145,124,2026-06-28,清潔消毒,352
2108,366,2026-06-28,零件更換,6404
1660,191,2026-06-28,清潔消毒,1121
1456,375,2026-06-28,性能檢測,877
2475,223,2026-06-29,定期保養,1331
1178,44,2026-06-29,零件更換,4847
241,379,2026-06-29,定期保養,1625
1424,63,2026-06-30,定期保養,1172
893,333,2026-06-30,性能檢測,880
1266,29,2026-06-30,定期保養,543
2499,394,2026-07-01,定期保養,1388
2338,163,2026-07-01,故障維修,4166
1580,227,2026-07-01,零件更換,3219
2030,267,2026-07-01,故障維修,5128
796,350,2026-07-02,故障維修,5784
421,318,2026-07-02,零件更換,6793
400,304,2026-07-02,定期保養,946
955,181,2026-07-03,清潔消毒,1081
46,271,2026-07-03,故障維修,1798
1210,400,2026-07-03,定期保養,998
2202,46,2026-07-03,性能檢測,1003
2051,196,2026-07-03,清潔消毒,507
1655,36,2026-07-04,定期保養,518
1096,74,2026-07-04,故障維修,3710
1342,197,2026-07-04,定期保養,1381
2216,133,2026-07-04,清潔消毒,351
1924,155,2026-07-04,定期保養,539
1810,42,2026-07-04,定期保養,1363
1326,148,2026-07-05,故障維修,4224
1734,183,2026-07-05,清潔消毒,307
604,37,2026-07-05,定期保養,555
259,235,2026-07-05,定期保養,1368
23,127,2026-07-06,定期保養,1577
2213,7,2026-07-06,清潔消毒,531
2130,183,2026-07-07,定期保養,576
962,248,2026-07-07,清潔消毒,774
53,379,2026-07-08,故障維修,2877
1360,242,2026-07-09,定期保養,1540
1714,196,2026-07-09,故障維修,2889
1057,310,2026-07-09,零件更換,5242
1103,356,2026-07-11,故障維修,4044
514,348,2026-07-11,定期保養,1049
970,203,2026-07-11,故障維修,5358
2011,12,2026-07-11,零件更換,6274
1453,349,2026-07-11,零件更換,4497
2133,231,2026-07-11,定期保養,1538
1183,260,2026-07-12,故障維修,2712
884,44,2026-07-12,清潔消毒,1045
249,390,2026-07-13,故障維修,5644
257,377,2026-07-13,清潔消毒,570
442,395,2026-07-13,故障維修,1606
1623,232,2026-07-13,定期保養,909
819,23,2026-07-13,清潔消毒,801
1846,104,2026-07-14,零件更換,5428
1180,225,2026-07-14,定期保養,1292
1086,200,2026-07-14,清潔消毒,652
2500,177,2026-07-15,故障維修,5455
1657,230,2026-07-15,清潔消毒,466
732,326,2026-07-15,性能檢測,790
1312,360,2026-07-15,定期保養,1779
1237,347,2026-07-16,定期保養,1609
1576,41,2026-07-16,清潔消毒,618
2024,21,2026-07-16,零件更換,2303
6,65,2026-07-16,故障維修,5437
1328,318,2026-07-17,定期保養,733
2441,230,2026-07-17,定期保養,1688
1130,114,2026-07-18,性能檢測,1086
1971,10,2026-07-18,性能檢測,820
395,149,2026-07-18,定期保養,831
2009,26,2026-07-18,故障維修,3719
767,308,2026-07-20,定期保養,1590
299,257,2026-07-20,定期保養,805
863,219,2026-07-21,定期保養,631
2450,149,2026-07-21,故障維修,2318
1621,199,2026-07-21,故障維修,2744
1847,52,2026-07-22,清潔消毒,603
2166,393,2026-07-22,定期保養,907
625,255,2026-07-22,故障維修,2476
2325,330,2026-07-22,故障維修,2612
481,259,2026-07-22,清潔消毒,388
1383,391,2026-07-22,定期保養,832
1798,29,2026-07-23,故障維修,5681
1288,154,2026-07-23,定期保養,575
717,333,2026-07-24,故障維修,2404
997,370,2026-07-25,零件更換,7664
878,269,2026-07-26,故障維修,2741
1640,373,2026-07-27,定期保養,812
1606,218,2026-07-27,性能檢測,928
999,384,2026-07-27,定期保養,1669
2466,87,2026-07-28,性能檢測,1124
148,210,2026-07-28,清潔消毒,947
752,379,2026-07-28,零件更換,7890
1182,149,2026-07-28,定期保養,991
762,135,2026-07-28,故障維修,3804
1368,367,2026-07-28,定期保養,1329
2203,182,2026-07-29,定期保養,816
1892,174,2026-07-29,定期保養,742
755,59,2026-07-29,故障維修,4754
1482,51,2026-07-30,定期保養,796
1562,102,2026-07-31,故障維修,2261
414,236,2026-07-31,清潔消毒,1053
1395,148,2026-07-31,性能檢測,1046
614,33,2026-07-31,性能檢測,448
2341,303,2026-07-31,故障維修,2917
2319,182,2026-07-31,零件更換,7560
2081,11,2026-08-01,性能檢測,1192
900,35,2026-08-01,零件更換,7013
847,34,2026-08-02,性能檢測,647
1207,278,2026-08-02,零件更換,2528
2294,216,2026-08-03,故障維修,2740
827,151,2026-08-03,定期保養,1497
1535,179,2026-08-03,定期保養,1544
976,114,2026-08-03,清潔消毒,1112
791,65,2026-08-03,定期保養,991
2036,153,2026-08-03,故障維修,1999
1412,47,2026-08-04,性能檢測,1490
56,372,2026-08-04,清潔消毒,500
2333,248,2026-08-04,定期保養,916
1002,226,2026-08-04,零件更換,7350
551,218,2026-08-04,定期保養,590
1730,253,2026-08-05,清潔消毒,930
1932,232,2026-08-05,定期保養,669
262,397,2026-08-05,故障維修,4729
1379,158,2026-08-06,定期保養,1686
1599,35,2026-08-06,故障維修,5914
484,258,2026-08-07,定期保養,1293
876,65,2026-08-07,定期保養,1771
1878,212,2026-08-08,定期保養,591
2000,123,2026-08-08,性能檢測,1468
2183,12,2026-08-08,性能檢測,973
1329,269,2026-08-08,性能檢測,1244
517,165,2026-08-09,清潔消毒,502
2153,288,2026-08-09,故障維修,2972
921,349,2026-08-09,零件更換,2891
1936,324,2026-08-09,清潔消毒,758
1398,108,2026-08-09,定期保養,1619
1822,52,2026-08-10,定期保養,792
1049,349,2026-08-11,性能檢測,1285
2382,343,2026-08-11,定期保養,1789
468,349,2026-08-11,故障維修,5677
2095,125,2026-08-12,零件更換,3079
735,157,2026-08-12,定期保養,1649
1556,93,2026-08-12,定期保養,1398
486,362,2026-08-12,定期保養,1622
2092,390,2026-08-12,故障維修,1581
116,350,2026-08-13,故障維修,4011
1649,316,2026-08-13,定期保養,1449
2107,343,2026-08-13,清潔消毒,777
930,113,2026-08-13,定期保養,1234
979,207,2026-08-13,定期保養,1646
1627,87,2026-08-14,故障維修,3343
1527,124,2026-08-14,故障維修,4222
1603,98,2026-08-14,定期保養,1346
911,241,2026-08-14,零件更換,5044
428,358,2026-08-14,定期保養,1009
1597,120,2026-08-14,故障維修,2293
420,303,2026-08-14,定期保養,1404
1510,309,2026-08-15,定期保養,997
1969,146,2026-08-15,清潔消毒,891
1280,208,2026-08-15,清潔消毒,534
40,188,2026-08-15,故障維修,4877
1209,119,2026-08-16,定期保養,787
1028,338,2026-08-16,定期保養,538
1953,245,2026-08-17,零件更換,2255
2255,354,2026-08-17,故障維修,3025
1942,146,2026-08-17,故障維修,1916
795,7,2026-08-18,定期保養,1100
2337,196,2026-08-18,零件更換,6898
779,292,2026-08-18,零件更換,3283
1993,250,2026-08-19,故障維修,4467
693,211,2026-08-20,定期保養,1179
855,89,2026-08-20,清潔消毒,962
1325,392,2026-08-20,定期保養,1758
1330,208,2026-08-21,清潔消毒,531
1287,36,2026-08-21,故障維修,3518
12,391,2026-08-21,清潔消毒,1098
1634,319,2026-08-21,零件更換,3421
1151,287,2026-08-22,性能檢測,1445
1518,361,2026-08-22,定期保養,775
948,362,2026-08-22,性能檢測,565
1374,207,2026-08-22,零件更換,4594
713,202,2026-08-23,定期保養,1511
2098,260,2026-08-24,定期保養,1155
1895,230,2026-08-24,定期保養,914
272,325,2026-08-24,定期保養,778
1723,132,2026-08-25,零件更換,4910
1348,164,2026-08-25,故障維修,4038
278,265,2026-08-26,故障維修,5121
2400,262,2026-08-26,零件更換,7425
328,251,2026-08-26,清潔消毒,520
1986,32,2026-08-26,清潔消毒,1097
628,302,2026-08-27,性能檢測,816
1651,14,2026-08-27,清潔消毒,341
1546,205,2026-08-28,零件更換,2060
1446,74,2026-08-29,定期保養,1158
1777,280,2026-08-29,定期保養,1274
1666,342,2026-08-29,零件更換,5039
1418,52,2026-08-30,定期保養,1665
1821,89,2026-08-30,故障維修,4864
88,262,2026-08-30,定期保養,1180
1572,70,2026-08-30,零件更換,7688
340,42,2026-08-30,清潔消毒,746
2484,63,2026-08-30,零件更換,6068
2103,67,2026-08-31,定期保養,1002
2460,174,2026-08-31,定期保養,947
929,260,2026-08-31,故障維修,2476
901,90,2026-08-31,性能檢測,602
1654,158,2026-08-31,定期保養,1335
2044,48,2026-09-01,定期保養,1046
323,270,2026-09-01,定期保養,1730
802,64,2026-09-01,定期保養,675
2082,26,2026-09-01,定期保養,733
697,126,2026-09-02,零件更換,2458
2483,382,2026-09-02,定期保養,1695
1872,93,2026-09-03,定期保養,1215
681,327,2026-09-03,零件更換,6217
1419,194,2026-09-03,性能檢測,755
1922,1,2026-09-04,零件更換,6759
28,215,2026-09-04,故障維修,5031
2001,114,2026-09-04,定期保養,870
333,6,2026-09-04,零件更換,5969
1081,317,2026-09-05,清潔消毒,726
850,243,2026-09-05,故障維修,4898
1765,63,2026-09-05,故障維修,4027
1055,400,2026-09-05,定期保養,1256
2125,395,2026-09-05,性能檢測,1398
1709,255,2026-09-06,定期保養,1622
1092,265,2026-09-06,零件更換,7607
2042,232,2026-09-06,定期保養,799
1722,52,2026-09-06,故障維修,1553
1561,154,2026-09-06,清潔消毒,311
763,108,2026-09-07,零件更換,4580
1099,316,2026-09-08,故障維修,5432
142,110,2026-09-08,定期保養,1662
586,104,2026-09-09,故障維修,4485
2218,123,2026-09-09,定期保養,1418
1711,64,2026-09-09,零件更換,7153
1274,15,2026-09-10,零件更換,3892
1448,335,2026-09-10,清潔消毒,849
886,75,2026-09-10,故障維修,4190
1249,372,2026-09-10,零件更換,2069
1684,330,2026-09-11,定期保養,632
1950,186,2026-09-11,故障維修,2921
2191,114,2026-09-11,定期保養,1032
1693,174,2026-09-11,定期保養,1145
1972,333,2026-09-11,清潔消毒,512
385,297,2026-09-12,性能檢測,652
2058,179,2026-09-12,定期保養,983
1179,307,2026-09-12,定期保養,933
2106,138,2026-09-12,故障維修,3792
882,273,2026-09-12,故障維修,5607
1042,318,2026-09-12,性能檢測,872
329,181,2026-09-13,零件更換,5223
1992,67,2026-09-13,定期保養,1109
1985,57,2026-09-13,故障維修,5903
448,304,2026-09-13,零件更換,3561
110,32,2026-09-14,定期保養,881
2308,254,2026-09-14,故障維修,4718
1224,381,2026-09-14,清潔消毒,882
874,178,2026-09-15,定期保養,1027
1789,27,2026-09-15,性能檢測,945
2367,53,2026-09-15,定期保養,1632
1251,320,2026-09-16,清潔消毒,738
2142,225,2026-09-16,零件更換,5235
1679,73,2026-09-16,定期保養,945
1293,235,2026-09-16,定期保養,524
1540,220,2026-09-16,清潔消毒,328
546,157,2026-09-16,定期保養,1331
2244,399,2026-09-17,零件更換,7688
1503,10,2026-09-17,清潔消毒,1015
673,32,2026-09-18,定期保養,1313
377,338,2026-09-18,零件更換,2973
2494,170,2026-09-18,性能檢測,621
2482,353,2026-09-19,故障維修,4398
1934,248,2026-09-20,定期保養,1010
1824,313,2026-09-20,零件更換,2802
2206,370,2026-09-20,定期保養,1045
1897,253,2026-09-20,定期保養,842
1517,264,2026-09-20,故障維修,2315
366,169,2026-09-20,定期保養,1277
1278,395,2026-09-20,性能檢測,1334
65,123,2026-09-21,零件更換,7742
149,21,2026-09-21,清潔消毒,303
1091,381,2026-09-22,定期保養,1482
601,70,2026-09-22,定期保養,1681
473,17,2026-09-22,性能檢測,1467
409,365,2026-09-23,定期保養,1068
1915,192,2026-09-24,定期保養,1020
935,72,2026-09-24,清潔消毒,303
959,69,2026-09-24,性能檢測,591
1327,77,2026-09-24,定期保養,1205
659,264,2026-09-25,定期保養,1603
2045,345,2026-09-25,定期保養,1226
715,152,2026-09-25,清潔消毒,574
1357,362,2026-09-25,故障維修,4449
381,50,2026-09-26,定期保養,1554
1724,43,2026-09-26,定期保養,848
2148,157,2026-09-27,定期保養,756
1165,68,2026-09-28,故障維修,4154
736,353,2026-09-28,零件更換,5565
1698,58,2026-09-28,定期保養,690
424,207,2026-09-29,故障維修,4336
2273,205,2026-09-29,故障維修,3610
401,44,2026-09-29,故障維修,1608
8,348,2026-09-30,定期保養,1491
1636,101,2026-09-30,零件更換,6931
1157,67,2026-09-30,定期保養,1220
2346,272,2026-10-01,定期保養,1262
2403,178,2026-10-02,零件更換,5331
677,47,2026-10-02,故障維修,4469
234,207,2026-10-02,零件更換,2060
1720,103,2026-10-03,性能檢測,1280
1542,44,2026-10-03,清潔消毒,607
1712,25,2026-10-03,定期保養,1081
2088,268,2026-10-04,零件更換,5719
260,41,2026-10-05,定期保養,1386
103,137,2026-10-05,清潔消毒,455
995,159,2026-10-05,定期保養,1189
16,78,2026-10-05,清潔消毒,614
2303,214,2026-10-05,定期保養,1570
596,203,2026-10-06,定期保養,909
775,321,2026-10-06,定期保養,1591
1928,204,2026-10-06,清潔消毒,553
1921,283,2026-10-06,故障維修,2859
1429,263,2026-10-06,故障維修,3576
2013,366,2026-10-06,故障維修,4706
785,77,2026-10-07,定期保養,790
1806,313,2026-10-07,定期保養,1264
1070,125,2026-10-07,故障維修,5808
294,158,2026-10-08,故障維修,5824
1838,148,2026-10-08,故障維修,3723
1930,26,2026-10-08,定期保養,1080
202,34,2026-10-08,零件更換,3312
2070,143,2026-10-09,定期保養,1435
938,368,2026-10-09,零件更換,4015
1673,349,2026-10-09,清潔消毒,653
2197,196,2026-10-09,零件更換,6650
2286,120,2026-10-09,故障維修,3286
450,34,2026-10-10,定期保養,1103
1644,257,2026-10-10,零件更換,6953
265,353,2026-10-10,零件更換,6424
210,68,2026-10-10,定期保養,1105
188,230,2026-10-11,定期保養,1457
867,65,2026-10-11,定期保養,1133
972,378,2026-10-12,性能檢測,408
1113,96,2026-10-13,清潔消毒,591
2140,344,2026-10-14,清潔消毒,761
184,353,2026-10-14,故障維修,4460
1662,216,2026-10-14,定期保養,611
825,225,2026-10-15,故障維修,5436
1586,58,2026-10-15,故障維修,4310
1246,258,2026-10-15,故障維修,3038
966,155,2026-10-15,故障維修,4630
2240,103,2026-10-16,性能檢測,708
1150,349,2026-10-16,定期保養,518
434,43,2026-10-16,性能檢測,811
937,7,2026-10-16,故障維修,3163
2322,289,2026-10-16,定期保養,1045
2078,193,2026-10-17,零件更換,6302
1176,225,2026-10-17,清潔消毒,931
812,336,2026-10-17,定期保養,1645
374,278,2026-10-17,定期保養,1627
1306,350,2026-10-18,零件更換,6477
405,139,2026-10-18,故障維修,2745
643,92,2026-10-18,故障維修,4086
888,103,2026-10-18,故障維修,2190
974,93,2026-10-18,定期保養,772
194,260,2026-10-19,定期保養,763
1201,306,2026-10-19,定期保養,955
1323,350,2026-10-20,清潔消毒,570
387,123,2026-10-20,零件更換,3181
1248,12,2026-10-21,定期保養,1238
293,330,2026-10-21,性能檢測,1005
1904,13,2026-10-22,定期保養,822
1929,263,2026-10-22,零件更換,7061
2003,366,2026-10-22,清潔消毒,951
2004,108,2026-10-24,故障維修,4236
1185,43,2026-10-24,零件更換,7056
1410,349,2026-10-24,故障維修,1580
1571,239,2026-10-25,故障維修,2094
920,59,2026-10-25,定期保養,1028
1848,85,2026-10-25,故障維修,5455
695,48,2026-10-26,零件更換,7716
1478,308,2026-10-26,零件更換,3145
2208,344,2026-10-27,定期保養,1364
397,344,2026-10-27,性能檢測,792
2431,248,2026-10-27,故障維修,2374
2074,353,2026-10-27,故障維修,2751
1024,391,2026-10-28,定期保養,1737
494,80,2026-10-28,清潔消毒,1007
388,75,2026-10-28,定期保養,1048
1885,68,2026-10-28,定期保養,636
1630,193,2026-10-28,定期保養,1458
2414,11,2026-10-29,性能檢測,1418
1737,192,2026-10-29,定期保養,840
852,303,2026-10-29,故障維修,1969
15,77,2026-10-29,零件更換,6812
856,81,2026-10-30,零件更換,5985
916,187,2026-10-30,清潔消毒,1049
2005,119,2026-10-30,定期保養,1233
207,43,2026-10-30,故障維修,4151
1495,248,2026-10-30,清潔消毒,1160
1524,43,2026-10-30,定期保養,1004
1118,353,2026-10-30,零件更換,6185
2064,196,2026-10-30,故障維修,4731
977,243,2026-10-31,定期保養,1531
379,326,2026-10-31,清潔消毒,353
912,117,2026-11-01,性能檢測,872
539,193,2026-11-01,零件更換,7787
1163,147,2026-11-01,定期保養,1660
1389,391,2026-11-01,故障維修,1802
2288,144,2026-11-01,清潔消毒,464
1437,134,2026-11-01,性能檢測,1312
464,239,2026-11-01,定期保養,1734
1340,11,2026-11-02,定期保養,863
607,89,2026-11-02,性能檢測,468
2340,181,2026-11-02,零件更換,4754
1107,173,2026-11-02,清潔消毒,712
352,343,2026-11-02,零件更換,3215
1021,284,2026-11-02,性能檢測,667
734,219,2026-11-02,定期保養,1187
780,263,2026-11-02,故障維修,3486
2362,182,2026-11-02,定期保養,1567
63,332,2026-11-03,零件更換,4492
2087,44,2026-11-03,清潔消毒,441
1856,110,2026-11-03,零件更換,3746
150,121,2026-11-04,定期保養,1183
1690,309,2026-11-04,性能檢測,1401
839,238,2026-11-04,故障維修,2910
2158,152,2026-11-05,清潔消毒,763
371,43,2026-11-05,清潔消毒,509
1781,14,2026-11-06,故障維修,1900
90,202,2026-11-06,故障維修,4346
1345,299,2026-11-06,清潔消毒,938
313,10,2026-11-06,清潔消毒,782
754,147,2026-11-08,故障維修,5811
2439,225,2026-11-08,定期保養,543
2476,349,2026-11-08,清潔消毒,804
2345,380,2026-11-08,故障維修,1589
998,59,2026-11-09,定期保養,1122
457,5,2026-11-10,清潔消毒,598
1285,142,2026-11-10,性能檢測,1273
1428,385,2026-11-10,定期保養,704
1008,341,2026-11-12,清潔消毒,459
501,284,2026-11-12,定期保養,858
611,15,2026-11-12,定期保養,1171
2343,32,2026-11-13,定期保養,894
1233,93,2026-11-13,定期保養,930
544,273,2026-11-13,故障維修,1941
365,380,2026-11-14,故障維修,2538
444,164,2026-11-15,故障維修,1743
83,143,2026-11-15,故障維修,3229
669,79,2026-11-16,定期保養,616
2068,114,2026-11-16,定期保養,507
1414,24,2026-11-16,清潔消毒,1181
512,181,2026-11-16,清潔消毒,595
2399,264,2026-11-17,定期保養,1449
1583,243,2026-11-17,定期保養,1703
842,272,2026-11-17,性能檢測,998
1672,353,2026-11-18,故障維修,4878
497,239,2026-11-18,定期保養,1049
537,341,2026-11-18,故障維修,4758
1715,24,2026-11-19,定期保養,1283
665,43,2026-11-19,零件更換,6021
253,342,2026-11-19,清潔消毒,432
2249,246,2026-11-19,清潔消毒,496
1735,56,2026-11-19,定期保養,1062
1727,212,2026-11-20,定期保養,781
287,199,2026-11-20,零件更換,6759
157,274,2026-11-20,零件更換,2435
914,178,2026-11-20,清潔消毒,557
2118,253,2026-11-21,定期保養,1283
1687,373,2026-11-22,故障維修,5688
1225,181,2026-11-22,零件更換,2684
220,341,2026-11-23,定期保養,748
623,163,2026-11-23,性能檢測,833
113,374,2026-11-24,零件更換,6938
674,219,2026-11-24,性能檢測,1043
1320,24,2026-11-24,清潔消毒,597
1898,80,2026-11-25,零件更換,4729
590,64,2026-11-25,清潔消毒,359
2155,43,2026-11-26,故障維修,5575
960,297,2026-11-26,零件更換,4367
7,24,2026-11-26,故障維修,4456
2019,9,2026-11-26,故障維修,4683
2372,339,2026-11-27,清潔消毒,542
165,38,2026-11-28,定期保養,1267
115,260,2026-11-28,定期保養,895
869,346,2026-11-28,定期保養,1271
1153,284,2026-11-28,定期保養,949
2160,302,2026-11-29,故障維修,5841
2401,149,2026-11-29,清潔消毒,327
1973,119,2026-11-30,故障維修,4447
1255,279,2026-11-30,定期保養,1667
1009,109,2026-11-30,定期保養,1049
1618,271,2026-11-30,故障維修,3441
1533,290,2026-11-30,故障維修,3173
2379,190,2026-11-30,清潔消毒,509
229,359,2026-11-30,故障維修,1532
1250,254,2026-12-01,清潔消毒,753
967,292,2026-12-01,清潔消毒,735
770,330,2026-12-02,故障維修,2277
1959,261,2026-12-02,定期保養,1052
809,193,2026-12-03,故障維修,5808
391,397,2026-12-03,定期保養,798
907,328,2026-12-03,定期保養,883
453,183,2026-12-04,定期保養,1359
135,381,2026-12-04,定期保養,1353
782,226,2026-12-05,性能檢測,1401
217,142,2026-12-05,性能檢測,463
1265,5,2026-12-06,零件更換,2017
384,353,2026-12-06,定期保養,604
1406,203,2026-12-06,性能檢測,795
161,162,2026-12-07,清潔消毒,375
1863,75,2026-12-07,定期保養,1483
164,224,2026-12-08,零件更換,2815
1230,178,2026-12-08,零件更換,4328
1351,348,2026-12-08,定期保養,1526
1309,148,2026-12-08,定期保養,1397
317,178,2026-12-08,故障維修,5177
1385,268,2026-12-09,定期保養,742
1349,396,2026-12-09,清潔消毒,946
1553,329,2026-12-10,定期保養,1458
688,122,2026-12-11,性能檢測,1067
1768,203,2026-12-12,故障維修,3565
288,226,2026-12-12,性能檢測,547
661,156,2026-12-12,零件更換,6568
1314,327,2026-12-12,清潔消毒,443
21,252,2026-12-12,清潔消毒,429
1128,177,2026-12-12,定期保養,603
1059,204,2026-12-12,性能檢測,1482
2079,395,2026-12-12,定期保養,1056
1177,316,2026-12-13,故障維修,1678
749,366,2026-12-13,故障維修,3782
1866,378,2026-12-13,定期保養,1542
335,18,2026-12-14,故障維修,3902
192,360,2026-12-14,定期保養,1747
1686,346,2026-12-14,故障維修,1764
616,372,2026-12-14,零件更換,4460
508,330,2026-12-14,定期保養,786
1628,224,2026-12-15,定期保養,573
2161,265,2026-12-16,定期保養,1232
766,235,2026-12-16,故障維修,5519
1795,16,2026-12-16,定期保養,1036
35,390,2026-12-16,性能檢測,1311
1601,82,2026-12-16,定期保養,1197
200,316,2026-12-17,故障維修,2060
2139,80,2026-12-17,性能檢測,888
769,149,2026-12-17,性能檢測,1071
1752,94,2026-12-17,零件更換,5324
147,250,2026-12-17,定期保養,1447
765,12,2026-12-17,定期保養,1694
2180,214,2026-12-18,零件更換,4372
1332,292,2026-12-19,定期保養,990
2233,364,2026-12-19,性能檢測,633
1445,349,2026-12-19,定期保養,1175
392,179,2026-12-19,零件更換,5534
298,94,2026-12-19,故障維修,5721
2159,193,2026-12-20,性能檢測,1369
1611,354,2026-12-20,故障維修,2987
1951,37,2026-12-20,零件更換,6778
682,113,2026-12-20,定期保養,580
1170,125,2026-12-20,定期保養,1039
2163,154,2026-12-20,定期保養,1424
1505,167,2026-12-21,性能檢測,593
166,334,2026-12-21,故障維修,5185
2327,330,2026-12-21,零件更換,7063
704,58,2026-12-21,定期保養,1137
1430,349,2026-12-21,清潔消毒,744
302,222,2026-12-22,故障維修,4175
2055,341,2026-12-22,性能檢測,425
2397,65,2026-12-22,定期保養,1410
245,6,2026-12-22,零件更換,5432
1289,12,2026-12-22,故障維修,3814
61,171,2026-12-23,性能檢測,1158
1840,97,2026-12-23,故障維修,1710
1026,203,2026-12-23,定期保養,988
320,109,2026-12-23,故障維修,1788
1708,94,2026-12-23,零件更換,4739
1431,195,2026-12-24,定期保養,1465
981,146,2026-12-24,清潔消毒,812
1802,297,2026-12-24,定期保養,1355
932,334,2026-12-25,故障維修,4040
973,296,2026-12-25,故障維修,1956
57,37,2026-12-25,零件更換,2877
239,264,2026-12-25,定期保養,1161
507,367,2026-12-25,零件更換,4258
690,79,2026-12-25,零件更換,5499
1000,190,2026-12-26,定期保養,1392
1498,198,2026-12-26,定期保養,1296
502,224,2026-12-27,定期保養,1692
2210,367,2026-12-27,故障維修,5369
1459,94,2026-12-27,清潔消毒,1010
1962,178,2026-12-27,故障維修,2977
2232,19,2026-12-28,定期保養,1503
1466,19,2026-12-28,故障維修,5728
831,97,2026-12-28,故障維修,5675
1989,187,2026-12-28,故障維修,5694
1963,336,2026-12-28,故障維修,2070
571,215,2026-12-28,定期保養,884
2295,2,2026-12-29,定期保養,819
2351,261,2026-12-29,清潔消毒,740
1484,2,2026-12-29,零件更換,4636
73,2,2026-12-29,零件更換,3866
2371,266,2026-12-29,零件更換,2186
186,270,2026-12-29,故障維修,2969
2451,118,2026-12-29,清潔消毒,420
2274,266,2026-12-29,零件更換,7430
1996,268,2026-12-30,性能檢測,1495
1286,217,2026-12-30,性能檢測,965
1902,2,2026-12-30,零件更換,5897
209,2,2026-12-30,故障維修,3241
1299,262,2026-12-30,故障維修,2689
2339,52,2026-12-30,定期保養,1651
213,266,2026-12-30,定期保養,1794
36,325,2026-12-30,定期保養,500
380,123,2026-12-30,零件更換,3299
1432,216,2026-12-30,定期保養,963
1321,107,2026-12-30,定期保養,732
1946,217,2026-12-30,清潔消毒,407
1974,217,2026-12-31,性能檢測,881
2113,78,2026-12-31,清潔消毒,414
1208,190,2026-12-31,故障維修,1933
860,26,2026-12-31,性能檢測,1364
2257,217,2026-12-31,故障維修,2778
1626,281,2026-12-31,定期保養,1270
1427,2,2026-12-31,定期保養,626
181,149,2026-12-31,故障維修,2392
1380,242,2026-12-31,零件更換,2306
2145,201,2026-12-31,定期保養,1256
