date_id,full_date,year,quarter,month,month_name,week,day,day_of_week,day_name
20240101,2024-01-01,2024,1,1,January,1,1,0,Monday
20240102,2024-01-02,2024,1,1,January,1,2,1,Tuesday
20240103,2024-01-03,2024,1,1,January,1,3,2,Wednesday
20240104,2024-01-04,2024,1,1,January,1,4,3,Thursday
20240105,2024-01-05,2024,1,1,January,1,5,4,Friday
20240106,2024-01-06,2024,1,1,January,1,6,5,Saturday
20240107,2024-01-07,2024,1,1,January,1,7,6,Sunday
20240108,2024-01-08,2024,1,1,January,2,8,0,Monday
20240109,2024-01-09,2024,1,1,January,2,9,1,Tuesday
20240110,2024-01-10,2024,1,1,January,2,10,2,Wednesday
20240111,2024-01-11,2024,1,1,January,2,11,3,Thursday
20240112,2024-01-12,2024,1,1,January,2,12,4,Friday
20240113,2024-01-13,2024,1,1,January,2,13,5,Saturday
20240114,2024-01-14,2024,1,1,January,2,14,6,Sunday
20240115,2024-01-15,2024,1,1,January,3,15,0,Monday
20240116,2024-01-16,2024,1,1,January,3,16,1,Tuesday
20240117,2024-01-17,2024,1,1,January,3,17,2,Wednesday
20240118,2024-01-18,2024,1,1,January,3,18,3,Thursday
20240119,2024-01-19,2024,1,1,January,3,19,4,Friday
20240120,2024-01-20,2024,1,1,January,3,20,5,Saturday
20240121,2024-01-21,2024,1,1,January,3,21,6,Sunday
20240122,2024-01-22,2024,1,1,January,4,22,0,Monday
20240123,2024-01-23,2024,1,1,January,4,23,1,Tuesday
20240124,2024-01-24,2024,1,1,January,4,24,2,Wednesday
20240125,2024-01-25,2024,1,1,January,4,25,3,Thursday
20240126,2024-01-26,2024,1,1,January,4,26,4,Friday
20240127,2024-01-27,2024,1,1,January,4,27,5,Saturday
20240128,2024-01-28,2024,1,1,January,4,28,6,Sunday
20240129,2024-01-29,2024,1,1,January,5,29,0,Monday
20240130,2024-01-30,2024,1,1,January,5,30,1,Tuesday
20240131,2024-01-31,2024,1,1,January,5,31,2,Wednesday
20240201,2024-02-01,2024,1,2,February,5,1,3,Thursday
20240202,2024-02-02,2024,1,2,February,5,2,4,Friday
20240203,2024-02-03,2024,1,2,February,5,3,5,Saturday
20240204,2024-02-04,2024,1,2,February,5,4,6,Sunday
20240205,2024-02-05,2024,1,2,February,6,5,0,Monday
20240206,2024-02-06,2024,1,2,February,6,6,1,Tuesday
20240207,2024-02-07,2024,1,2,February,6,7,2,Wednesday
20240208,2024-02-08,2024,1,2,February,6,8,3,Thursday
20240209,2024-02-09,2024,1,2,February,6,9,4,Friday
20240210,2024-02-10,2024,1,2,February,6,10,5,Saturday
20240211,2024-02-11,2024,1,2,February,6,11,6,Sunday
20240212,2024-02-12,2024,1,2,February,7,12,0,Monday
20240213,2024-02-13,2024,1,2,February,7,13,1,Tuesday
20240214,2024-02-14,2024,1,2,February,7,14,2,Wednesday
20240215,2024-02-15,2024,1,2,February,7,15,3,Thursday
20240216,2024-02-16,2024,1,2,February,7,16,4,Friday
20240217,2024-02-17,2024,1,2,February,7,17,5,Saturday
20240218,2024-02-18,2024,1,2,February,7,18,6,Sunday
20240219,2024-02-19,2024,1,2,February,8,19,0,Monday
20240220,2024-02-20,2024,1,2,February,8,20,1,Tuesday
20240221,2024-02-21,2024,1,2,February,8,21,2,Wednesday
20240222,2024-02-22,2024,1,2,February,8,22,3,Thursday
20240223,2024-02-23,2024,1,2,February,8,23,4,Friday
20240224,2024-02-24,2024,1,2,February,8,24,5,Saturday
20240225,2024-02-25,2024,1,2,February,8,25,6,Sunday
20240226,2024-02-26,2024,1,2,February,9,26,0,Monday
20240227,2024-02-27,2024,1,2,February,9,27,1,Tuesday
20240228,2024-02-28,2024,1,2,February,9,28,2,Wednesday
20240229,2024-02-29,2024,1,2,February,9,29,3,Thursday
20240301,2024-03-01,2024,1,3,March,9,1,4,Friday
20240302,2024-03-02,2024,1,3,March,9,2,5,Saturday
20240303,2024-03-03,2024,1,3,March,9,3,6,Sunday
20240304,2024-03-04,2024,1,3,March,10,4,0,Monday
20240305,2024-03-05,2024,1,3,March,10,5,1,Tuesday
20240306,2024-03-06,2024,1,3,March,10,6,2,Wednesday
20240307,2024-03-07,2024,1,3,March,10,7,3,Thursday
20240308,2024-03-08,2024,1,3,March,10,8,4,Friday
20240309,2024-03-09,2024,1,3,March,10,9,5,Saturday
20240310,2024-03-10,2024,1,3,March,10,10,6,Sunday
20240311,2024-03-11,2024,1,3,March,11,11,0,Monday
20240312,2024-03-12,2024,1,3,March,11,12,1,Tuesday
20240313,2024-03-13,2024,1,3,March,11,13,2,Wednesday
20240314,2024-03-14,2024,1,3,March,11,14,3,Thursday
20240315,2024-03-15,2024,1,3,March,11,15,4,Friday
20240316,2024-03-16,2024,1,3,March,11,16,5,Saturday
20240317,2024-03-17,2024,1,3,March,11,17,6,Sunday
20240318,2024-03-18,2024,1,3,March,12,18,0,Monday
20240319,2024-03-19,2024,1,3,March,12,19,1,Tuesday
20240320,2024-03-20,2024,1,3,March,12,20,2,Wednesday
20240321,2024-03-21,2024,1,3,March,12,21,3,Thursday
20240322,2024-03-22,2024,1,3,March,12,22,4,Friday
20240323,2024-03-23,2024,1,3,March,12,23,5,Saturday
20240324,2024-03-24,2024,1,3,March,12,24,6,Sunday
20240325,2024-03-25,2024,1,3,March,13,25,0,Monday
20240326,2024-03-26,2024,1,3,March,13,26,1,Tuesday
20240327,2024-03-27,2024,1,3,March,13,27,2,Wednesday
20240328,2024-03-28,2024,1,3,March,13,28,3,Thursday
20240329,2024-03-29,2024,1,3,March,13,29,4,Friday
20240330,2024-03-30,2024,1,3,March,13,30,5,Saturday
20240331,2024-03-31,2024,1,3,March,13,31,6,Sunday
20240401,2024-04-01,2024,2,4,April,14,1,0,Monday
20240402,2024-04-02,2024,2,4,April,14,2,1,Tuesday
20240403,2024-04-03,2024,2,4,April,14,3,2,Wednesday
20240404,2024-04-04,2024,2,4,April,14,4,3,Thursday
20240405,2024-04-05,2024,2,4,April,14,5,4,Friday
20240406,2024-04-06,2024,2,4,April,14,6,5,Saturday
20240407,2024-04-07,2024,2,4,April,14,7,6,Sunday
20240408,2024-04-08,2024,2,4,April,15,8,0,Monday
20240409,2024-04-09,2024,2,4,April,15,9,1,Tuesday
20240410,2024-04-10,2024,2,4,April,15,10,2,Wednesday
20240411,2024-04-11,2024,2,4,April,15,11,3,Thursday
20240412,2024-04-12,2024,2,4,April,15,12,4,Friday
20240413,2024-04-13,2024,2,4,April,15,13,5,Saturday
20240414,2024-04-14,2024,2,4,April,15,14,6,Sunday
20240415,2024-04-15,2024,2,4,April,16,15,0,Monday
20240416,2024-04-16,2024,2,4,April,16,16,1,Tuesday
20240417,2024-04-17,2024,2,4,April,16,17,2,Wednesday
20240418,2024-04-18,2024,2,4,April,16,18,3,Thursday
20240419,2024-04-19,2024,2,4,April,16,19,4,Friday
20240420,2024-04-20,2024,2,4,April,16,20,5,Saturday
20240421,2024-04-21,2024,2,4,April,16,21,6,Sunday
20240422,2024-04-22,2024,2,4,April,17,22,0,Monday
20240423,2024-04-23,2024,2,4,April,17,23,1,Tuesday
20240424,2024-04-24,2024,2,4,April,17,24,2,Wednesday
20240425,2024-04-25,2024,2,4,April,17,25,3,Thursday
20240426,2024-04-26,2024,2,4,April,17,26,4,Friday
20240427,2024-04-27,2024,2,4,April,17,27,5,Saturday
20240428,2024-04-28,2024,2,4,April,17,28,6,Sunday
20240429,2024-04-29,2024,2,4,April,18,29,0,Monday
20240430,2024-04-30,2024,2,4,April,18,30,1,Tuesday
20240501,2024-05-01,2024,2,5,May,18,1,2,Wednesday
20240502,2024-05-02,2024,2,5,May,18,2,3,Thursday
20240503,2024-05-03,2024,2,5,May,18,3,4,Friday
20240504,2024-05-04,2024,2,5,May,18,4,5,Saturday
20240505,2024-05-05,2024,2,5,May,18,5,6,Sunday
20240506,2024-05-06,2024,2,5,May,19,6,0,Monday
20240507,2024-05-07,2024,2,5,May,19,7,1,Tuesday
20240508,2024-05-08,2024,2,5,May,19,8,2,Wednesday
20240509,2024-05-09,2024,2,5,May,19,9,3,Thursday
20240510,2024-05-10,2024,2,5,May,19,10,4,Friday
20240511,2024-05-11,2024,2,5,May,19,11,5,Saturday
20240512,2024-05-12,2024,2,5,May,19,12,6,Sunday
20240513,2024-05-13,2024,2,5,May,20,13,0,Monday
20240514,2024-05-14,2024,2,5,May,20,14,1,Tuesday
20240515,2024-05-15,2024,2,5,May,20,15,2,Wednesday
20240516,2024-05-16,2024,2,5,May,20,16,3,Thursday
20240517,2024-05-17,2024,2,5,May,20,17,4,Friday
20240518,2024-05-18,2024,2,5,May,20,18,5,Saturday
20240519,2024-05-19,2024,2,5,May,20,19,6,Sunday
20240520,2024-05-20,2024,2,5,May,21,20,0,Monday
20240521,2024-05-21,2024,2,5,May,21,21,1,Tuesday
20240522,2024-05-22,2024,2,5,May,21,22,2,Wednesday
20240523,2024-05-23,2024,2,5,May,21,23,3,Thursday
20240524,2024-05-24,2024,2,5,May,21,24,4,Friday
20240525,2024-05-25,2024,2,5,May,21,25,5,Saturday
20240526,2024-05-26,2024,2,5,May,21,26,6,Sunday
20240527,2024-05-27,2024,2,5,May,22,27,0,Monday
20240528,2024-05-28,2024,2,5,May,22,28,1,Tuesday
20240529,2024-05-29,2024,2,5,May,22,29,2,Wednesday
20240530,2024-05-30,2024,2,5,May,22,30,3,Thursday
20240531,2024-05-31,2024,2,5,May,22,31,4,Friday
20240601,2024-06-01,2024,2,6,June,22,1,5,Saturday
20240602,2024-06-02,2024,2,6,June,22,2,6,Sunday
20240603,2024-06-03,2024,2,6,June,23,3,0,Monday
20240604,2024-06-04,2024,2,6,June,23,4,1,Tuesday
20240605,2024-06-05,2024,2,6,June,23,5,2,Wednesday
20240606,2024-06-06,2024,2,6,June,23,6,3,Thursday
20240607,2024-06-07,2024,2,6,June,23,7,4,Friday
20240608,2024-06-08,2024,2,6,June,23,8,5,Saturday
20240609,2024-06-09,2024,2,6,June,23,9,6,Sunday
20240610,2024-06-10,2024,2,6,June,24,10,0,Monday
20240611,2024-06-11,2024,2,6,June,24,11,1,Tuesday
20240612,2024-06-12,2024,2,6,June,24,12,2,Wednesday
20240613,2024-06-13,2024,2,6,June,24,13,3,Thursday
20240614,2024-06-14,2024,2,6,June,24,14,4,Friday
20240615,2024-06-15,2024,2,6,June,24,15,5,Saturday
20240616,2024-06-16,2024,2,6,June,24,16,6,Sunday
20240617,2024-06-17,2024,2,6,June,25,17,0,Monday
20240618,2024-06-18,2024,2,6,June,25,18,1,Tuesday
20240619,2024-06-19,2024,2,6,June,25,19,2,Wednesday
20240620,2024-06-20,2024,2,6,June,25,20,3,Thursday
20240621,2024-06-21,2024,2,6,June,25,21,4,Friday
20240622,2024-06-22,2024,2,6,June,25,22,5,Saturday
20240623,2024-06-23,2024,2,6,June,25,23,6,Sunday
20240624,2024-06-24,2024,2,6,June,26,24,0,Monday
20240625,2024-06-25,2024,2,6,June,26,25,1,Tuesday
20240626,2024-06-26,2024,2,6,June,26,26,2,Wednesday
20240627,2024-06-27,2024,2,6,June,26,27,3,Thursday
20240628,2024-06-28,2024,2,6,June,26,28,4,Friday
20240629,2024-06-29,2024,2,6,June,26,29,5,Saturday
20240630,2024-06-30,2024,2,6,June,26,30,6,Sunday
20240701,2024-07-01,2024,3,7,July,27,1,0,Monday
20240702,2024-07-02,2024,3,7,July,27,2,1,Tuesday
20240703,2024-07-03,2024,3,7,July,27,3,2,Wednesday
20240704,2024-07-04,2024,3,7,July,27,4,3,Thursday
20240705,2024-07-05,2024,3,7,July,27,5,4,Friday
20240706,2024-07-06,2024,3,7,July,27,6,5,Saturday
20240707,2024-07-07,2024,3,7,July,27,7,6,Sunday
20240708,2024-07-08,2024,3,7,July,28,8,0,Monday
20240709,2024-07-09,2024,3,7,July,28,9,1,Tuesday
20240710,2024-07-10,2024,3,7,July,28,10,2,Wednesday
20240711,2024-07-11,2024,3,7,July,28,11,3,Thursday
20240712,2024-07-12,2024,3,7,July,28,12,4,Friday
20240713,2024-07-13,2024,3,7,July,28,13,5,Saturday
20240714,2024-07-14,2024,3,7,July,28,14,6,Sunday
20240715,2024-07-15,2024,3,7,July,29,15,0,Monday
20240716,2024-07-16,2024,3,7,July,29,16,1,Tuesday
20240717,2024-07-17,2024,3,7,July,29,17,2,Wednesday
20240718,2024-07-18,2024,3,7,July,29,18,3,Thursday
20240719,2024-07-19,2024,3,7,July,29,19,4,Friday
20240720,2024-07-20,2024,3,7,July,29,20,5,Saturday
20240721,2024-07-21,2024,3,7,July,29,21,6,Sunday
20240722,2024-07-22,2024,3,7,July,30,22,0,Monday
20240723,2024-07-23,2024,3,7,July,30,23,1,Tuesday
20240724,2024-07-24,2024,3,7,July,30,24,2,Wednesday
20240725,2024-07-25,2024,3,7,July,30,25,3,Thursday
20240726,2024-07-26,2024,3,7,July,30,26,4,Friday
20240727,2024-07-27,2024,3,7,July,30,27,5,Saturday
20240728,2024-07-28,2024,3,7,July,30,28,6,Sunday
20240729,2024-07-29,2024,3,7,July,31,29,0,Monday
20240730,2024-07-30,2024,3,7,July,31,30,1,Tuesday
20240731,2024-07-31,2024,3,7,July,31,31,2,Wednesday
20240801,2024-08-01,2024,3,8,August,31,1,3,Thursday
20240802,2024-08-02,2024,3,8,August,31,2,4,Friday
20240803,2024-08-03,2024,3,8,August,31,3,5,Saturday
20240804,2024-08-04,2024,3,8,August,31,4,6,Sunday
20240805,2024-08-05,2024,3,8,August,32,5,0,Monday
20240806,2024-08-06,2024,3,8,August,32,6,1,Tuesday
20240807,2024-08-07,2024,3,8,August,32,7,2,Wednesday
20240808,2024-08-08,2024,3,8,August,32,8,3,Thursday
20240809,2024-08-09,2024,3,8,August,32,9,4,Friday
20240810,2024-08-10,2024,3,8,August,32,10,5,Saturday
20240811,2024-08-11,2024,3,8,August,32,11,6,Sunday
20240812,2024-08-12,2024,3,8,August,33,12,0,Monday
20240813,2024-08-13,2024,3,8,August,33,13,1,Tuesday
20240814,2024-08-14,2024,3,8,August,33,14,2,Wednesday
20240815,2024-08-15,2024,3,8,August,33,15,3,Thursday
20240816,2024-08-16,2024,3,8,August,33,16,4,Friday
20240817,2024-08-17,2024,3,8,August,33,17,5,Saturday
20240818,2024-08-18,2024,3,8,August,33,18,6,Sunday
20240819,2024-08-19,2024,3,8,August,34,19,0,Monday
20240820,2024-08-20,2024,3,8,August,34,20,1,Tuesday
20240821,2024-08-21,2024,3,8,August,34,21,2,Wednesday
20240822,2024-08-22,2024,3,8,August,34,22,3,Thursday
20240823,2024-08-23,2024,3,8,August,34,23,4,Friday
20240824,2024-08-24,2024,3,8,August,34,24,5,Saturday
20240825,2024-08-25,2024,3,8,August,34,25,6,Sunday
20240826,2024-08-26,2024,3,8,August,35,26,0,Monday
20240827,2024-08-27,2024,3,8,August,35,27,1,Tuesday
20240828,2024-08-28,2024,3,8,August,35,28,2,Wednesday
20240829,2024-08-29,2024,3,8,August,35,29,3,Thursday
20240830,2024-08-30,2024,3,8,August,35,30,4,Friday
20240831,2024-08-31,2024,3,8,August,35,31,5,Saturday
20240901,2024-09-01,2024,3,9,September,35,1,6,Sunday
20240902,2024-09-02,2024,3,9,September,36,2,0,Monday
20240903,2024-09-03,2024,3,9,September,36,3,1,Tuesday
20240904,2024-09-04,2024,3,9,September,36,4,2,Wednesday
20240905,2024-09-05,2024,3,9,September,36,5,3,Thursday
20240906,2024-09-06,2024,3,9,September,36,6,4,Friday
20240907,2024-09-07,2024,3,9,September,36,7,5,Saturday
20240908,2024-09-08,2024,3,9,September,36,8,6,Sunday
20240909,2024-09-09,2024,3,9,September,37,9,0,Monday
20240910,2024-09-10,2024,3,9,September,37,10,1,Tuesday
20240911,2024-09-11,2024,3,9,September,37,11,2,Wednesday
20240912,2024-09-12,2024,3,9,September,37,12,3,Thursday
20240913,2024-09-13,2024,3,9,September,37,13,4,Friday
20240914,2024-09-14,2024,3,9,September,37,14,5,Saturday
20240915,2024-09-15,2024,3,9,September,37,15,6,Sunday
20240916,2024-09-16,2024,3,9,September,38,16,0,Monday
20240917,2024-09-17,2024,3,9,September,38,17,1,Tuesday
20240918,2024-09-18,2024,3,9,September,38,18,2,Wednesday
20240919,2024-09-19,2024,3,9,September,38,19,3,Thursday
20240920,2024-09-20,2024,3,9,September,38,20,4,Friday
20240921,2024-09-21,2024,3,9,September,38,21,5,Saturday
20240922,2024-09-22,2024,3,9,September,38,22,6,Sunday
20240923,2024-09-23,2024,3,9,September,39,23,0,Monday
20240924,2024-09-24,2024,3,9,September,39,24,1,Tuesday
20240925,2024-09-25,2024,3,9,September,39,25,2,Wednesday
20240926,2024-09-26,2024,3,9,September,39,26,3,Thursday
20240927,2024-09-27,2024,3,9,September,39,27,4,Friday
20240928,2024-09-28,2024,3,9,September,39,28,5,Saturday
20240929,2024-09-29,2024,3,9,September,39,29,6,Sunday
20240930,2024-09-30,2024,3,9,September,40,30,0,Monday
20241001,2024-10-01,2024,4,10,October,40,1,1,Tuesday
20241002,2024-10-02,2024,4,10,October,40,2,2,Wednesday
20241003,2024-10-03,2024,4,10,October,40,3,3,Thursday
20241004,2024-10-04,2024,4,10,October,40,4,4,Friday
20241005,2024-10-05,2024,4,10,October,40,5,5,Saturday
20241006,2024-10-06,2024,4,10,October,40,6,6,Sunday
20241007,2024-10-07,2024,4,10,October,41,7,0,Monday
20241008,2024-10-08,2024,4,10,October,41,8,1,Tuesday
20241009,2024-10-09,2024,4,10,October,41,9,2,Wednesday
20241010,2024-10-10,2024,4,10,October,41,10,3,Thursday
20241011,2024-10-11,2024,4,10,October,41,11,4,Friday
20241012,2024-10-12,2024,4,10,October,41,12,5,Saturday
20241013,2024-10-13,2024,4,10,October,41,13,6,Sunday
20241014,2024-10-14,2024,4,10,October,42,14,0,Monday
20241015,2024-10-15,2024,4,10,October,42,15,1,Tuesday
20241016,2024-10-16,2024,4,10,October,42,16,2,Wednesday
20241017,2024-10-17,2024,4,10,October,42,17,3,Thursday
20241018,2024-10-18,2024,4,10,October,42,18,4,Friday
20241019,2024-10-19,2024,4,10,October,42,19,5,Saturday
20241020,2024-10-20,2024,4,10,October,42,20,6,Sunday
20241021,2024-10-21,2024,4,10,October,43,21,0,Monday
20241022,2024-10-22,2024,4,10,October,43,22,1,Tuesday
20241023,2024-10-23,2024,4,10,October,43,23,2,Wednesday
20241024,2024-10-24,2024,4,10,October,43,24,3,Thursday
20241025,2024-10-25,2024,4,10,October,43,25,4,Friday
20241026,2024-10-26,2024,4,10,October,43,26,5,Saturday
20241027,2024-10-27,2024,4,10,October,43,27,6,Sunday
20241028,2024-10-28,2024,4,10,October,44,28,0,Monday
20241029,2024-10-29,2024,4,10,October,44,29,1,Tuesday
20241030,2024-10-30,2024,4,10,October,44,30,2,Wednesday
20241031,2024-10-31,2024,4,10,October,44,31,3,Thursday
20241101,2024-11-01,2024,4,11,November,44,1,4,Friday
20241102,2024-11-02,2024,4,11,November,44,2,5,Saturday
20241103,2024-11-03,2024,4,11,November,44,3,6,Sunday
20241104,2024-11-04,2024,4,11,November,45,4,0,Monday
20241105,2024-11-05,2024,4,11,November,45,5,1,Tuesday
20241106,2024-11-06,2024,4,11,November,45,6,2,Wednesday
20241107,2024-11-07,2024,4,11,November,45,7,3,Thursday
20241108,2024-11-08,2024,4,11,November,45,8,4,Friday
20241109,2024-11-09,2024,4,11,November,45,9,5,Saturday
20241110,2024-11-10,2024,4,11,November,45,10,6,Sunday
20241111,2024-11-11,2024,4,11,November,46,11,0,Monday
20241112,2024-11-12,2024,4,11,November,46,12,1,Tuesday
20241113,2024-11-13,2024,4,11,November,46,13,2,Wednesday
20241114,2024-11-14,2024,4,11,November,46,14,3,Thursday
20241115,2024-11-15,2024,4,11,November,46,15,4,Friday
20241116,2024-11-16,2024,4,11,November,46,16,5,Saturday
20241117,2024-11-17,2024,4,11,November,46,17,6,Sunday
20241118,2024-11-18,2024,4,11,November,47,18,0,Monday
20241119,2024-11-19,2024,4,11,November,47,19,1,Tuesday
20241120,2024-11-20,2024,4,11,November,47,20,2,Wednesday
20241121,2024-11-21,2024,4,11,November,47,21,3,Thursday
20241122,2024-11-22,2024,4,11,November,47,22,4,Friday
20241123,2024-11-23,2024,4,11,November,47,23,5,Saturday
20241124,2024-11-24,2024,4,11,November,47,24,6,Sunday
20241125,2024-11-25,2024,4,11,November,48,25,0,Monday
20241126,2024-11-26,2024,4,11,November,48,26,1,Tuesday
20241127,2024-11-27,2024,4,11,November,48,27,2,Wednesday
20241128,2024-11-28,2024,4,11,November,48,28,3,Thursday
20241129,2024-11-29,2024,4,11,November,48,29,4,Friday
20241130,2024-11-30,2024,4,11,November,48,30,5,Saturday
20241201,2024-12-01,2024,4,12,December,48,1,6,Sunday
20241202,2024-12-02,2024,4,12,December,49,2,0,Monday
20241203,2024-12-03,2024,4,12,December,49,3,1,Tuesday
20241204,2024-12-04,2024,4,12,December,49,4,2,Wednesday
20241205,2024-12-05,2024,4,12,December,49,5,3,Thursday
20241206,2024-12-06,2024,4,12,December,49,6,4,Friday
20241207,2024-12-07,2024,4,12,December,49,7,5,Saturday
20241208,2024-12-08,2024,4,12,December,49,8,6,Sunday
20241209,2024-12-09,2024,4,12,December,50,9,0,Monday
20241210,2024-12-10,2024,4,12,December,50,10,1,Tuesday
20241211,2024-12-11,2024,4,12,December,50,11,2,Wednesday
20241212,2024-12-12,2024,4,12,December,50,12,3,Thursday
20241213,2024-12-13,2024,4,12,December,50,13,4,Friday
20241214,2024-12-14,2024,4,12,December,50,14,5,Saturday
20241215,2024-12-15,2024,4,12,December,50,15,6,Sunday
20241216,2024-12-16,2024,4,12,December,51,16,0,Monday
20241217,2024-12-17,2024,4,12,December,51,17,1,Tuesday
20241218,2024-12-18,2024,4,12,December,51,18,2,Wednesday
20241219,2024-12-19,2024,4,12,December,51,19,3,Thursday
20241220,2024-12-20,2024,4,12,December,51,20,4,Friday
20241221,2024-12-21,2024,4,12,December,51,21,5,Saturday
20241222,2024-12-22,2024,4,12,December,51,22,6,Sunday
20241223,2024-12-23,2024,4,12,December,52,23,0,Monday
20241224,2024-12-24,2024,4,12,December,52,24,1,Tuesday
20241225,2024-12-25,2024,4,12,December,52,25,2,Wednesday
20241226,2024-12-26,2024,4,12,December,52,26,3,Thursday
20241227,2024-12-27,2024,4,12,December,52,27,4,Friday
20241228,2024-12-28,2024,4,12,December,52,28,5,Saturday
20241229,2024-12-29,2024,4,12,December,52,29,6,Sunday
20241230,2024-12-30,2024,4,12,December,1,30,0,Monday
20241231,2024-12-31,2024,4,12,December,1,31,1,Tuesday
20250101,2025-01-01,2025,1,1,January,1,1,2,Wednesday
20250102,2025-01-02,2025,1,1,January,1,2,3,Thursday
20250103,2025-01-03,2025,1,1,January,1,3,4,Friday
20250104,2025-01-04,2025,1,1,January,1,4,5,Saturday
20250105,2025-01-05,2025,1,1,January,1,5,6,Sunday
20250106,2025-01-06,2025,1,1,January,2,6,0,Monday
20250107,2025-01-07,2025,1,1,January,2,7,1,Tuesday
20250108,2025-01-08,2025,1,1,January,2,8,2,Wednesday
20250109,2025-01-09,2025,1,1,January,2,9,3,Thursday
20250110,2025-01-10,2025,1,1,January,2,10,4,Friday
20250111,2025-01-11,2025,1,1,January,2,11,5,Saturday
20250112,2025-01-12,2025,1,1,January,2,12,6,Sunday
20250113,2025-01-13,2025,1,1,January,3,13,0,Monday
20250114,2025-01-14,2025,1,1,January,3,14,1,Tuesday
20250115,2025-01-15,2025,1,1,January,3,15,2,Wednesday
20250116,2025-01-16,2025,1,1,January,3,16,3,Thursday
20250117,2025-01-17,2025,1,1,January,3,17,4,Friday
20250118,2025-01-18,2025,1,1,January,3,18,5,Saturday
20250119,2025-01-19,2025,1,1,January,3,19,6,Sunday
20250120,2025-01-20,2025,1,1,January,4,20,0,Monday
20250121,2025-01-21,2025,1,1,January,4,21,1,Tuesday
20250122,2025-01-22,2025,1,1,January,4,22,2,Wednesday
20250123,2025-01-23,2025,1,1,January,4,23,3,Thursday
20250124,2025-01-24,2025,1,1,January,4,24,4,Friday
20250125,2025-01-25,2025,1,1,January,4,25,5,Saturday
20250126,2025-01-26,2025,1,1,January,4,26,6,Sunday
20250127,2025-01-27,2025,1,1,January,5,27,0,Monday
20250128,2025-01-28,2025,1,1,January,5,28,1,Tuesday
20250129,2025-01-29,2025,1,1,January,5,29,2,Wednesday
20250130,2025-01-30,2025,1,1,January,5,30,3,Thursday
20250131,2025-01-31,2025,1,1,January,5,31,4,Friday
20250201,2025-02-01,2025,1,2,February,5,1,5,Saturday
20250202,2025-02-02,2025,1,2,February,5,2,6,Sunday
20250203,2025-02-03,2025,1,2,February,6,3,0,Monday
20250204,2025-02-04,2025,1,2,February,6,4,1,Tuesday
20250205,2025-02-05,2025,1,2,February,6,5,2,Wednesday
20250206,2025-02-06,2025,1,2,February,6,6,3,Thursday
20250207,2025-02-07,2025,1,2,February,6,7,4,Friday
20250208,2025-02-08,2025,1,2,February,6,8,5,Saturday
20250209,2025-02-09,2025,1,2,February,6,9,6,Sunday
20250210,2025-02-10,2025,1,2,February,7,10,0,Monday
20250211,2025-02-11,2025,1,2,February,7,11,1,Tuesday
20250212,2025-02-12,2025,1,2,February,7,12,2,Wednesday
20250213,2025-02-13,2025,1,2,February,7,13,3,Thursday
20250214,2025-02-14,2025,1,2,February,7,14,4,Friday
20250215,2025-02-15,2025,1,2,February,7,15,5,Saturday
20250216,2025-02-16,2025,1,2,February,7,16,6,Sunday
20250217,2025-02-17,2025,1,2,February,8,17,0,Monday
20250218,2025-02-18,2025,1,2,February,8,18,1,Tuesday
20250219,2025-02-19,2025,1,2,February,8,19,2,Wednesday
20250220,2025-02-20,2025,1,2,February,8,20,3,Thursday
20250221,2025-02-21,2025,1,2,February,8,21,4,Friday
20250222,2025-02-22,2025,1,2,February,8,22,5,Saturday
20250223,2025-02-23,2025,1,2,February,8,23,6,Sunday
20250224,2025-02-24,2025,1,2,February,9,24,0,Monday
20250225,2025-02-25,2025,1,2,February,9,25,1,Tuesday
20250226,2025-02-26,2025,1,2,February,9,26,2,Wednesday
20250227,2025-02-27,2025,1,2,February,9,27,3,Thursday
20250228,2025-02-28,2025,1,2,February,9,28,4,Friday
20250301,2025-03-01,2025,1,3,March,9,1,5,Saturday
20250302,2025-03-02,2025,1,3,March,9,2,6,Sunday
20250303,2025-03-03,2025,1,3,March,10,3,0,Monday
20250304,2025-03-04,2025,1,3,March,10,4,1,Tuesday
20250305,2025-03-05,2025,1,3,March,10,5,2,Wednesday
20250306,2025-03-06,2025,1,3,March,10,6,3,Thursday
20250307,2025-03-07,2025,1,3,March,10,7,4,Friday
20250308,2025-03-08,2025,1,3,March,10,8,5,Saturday
20250309,2025-03-09,2025,1,3,March,10,9,6,Sunday
20250310,2025-03-10,2025,1,3,March,11,10,0,Monday
20250311,2025-03-11,2025,1,3,March,11,11,1,Tuesday
20250312,2025-03-12,2025,1,3,March,11,12,2,Wednesday
20250313,2025-03-13,2025,1,3,March,11,13,3,Thursday
20250314,2025-03-14,2025,1,3,March,11,14,4,Friday
20250315,2025-03-15,2025,1,3,March,11,15,5,Saturday
20250316,2025-03-16,2025,1,3,March,11,16,6,Sunday
20250317,2025-03-17,2025,1,3,March,12,17,0,Monday
20250318,2025-03-18,2025,1,3,March,12,18,1,Tuesday
20250319,2025-03-19,2025,1,3,March,12,19,2,Wednesday
20250320,2025-03-20,2025,1,3,March,12,20,3,Thursday
20250321,2025-03-21,2025,1,3,March,12,21,4,Friday
20250322,2025-03-22,2025,1,3,March,12,22,5,Saturday
20250323,2025-03-23,2025,1,3,March,12,23,6,Sunday
20250324,2025-03-24,2025,1,3,March,13,24,0,Monday
20250325,2025-03-25,2025,1,3,March,13,25,1,Tuesday
20250326,2025-03-26,2025,1,3,March,13,26,2,Wednesday
20250327,2025-03-27,2025,1,3,March,13,27,3,Thursday
20250328,2025-03-28,2025,1,3,March,13,28,4,Friday
20250329,2025-03-29,2025,1,3,March,13,29,5,Saturday
20250330,2025-03-30,2025,1,3,March,13,30,6,Sunday
20250331,2025-03-31,2025,1,3,March,14,31,0,Monday
20250401,2025-04-01,2025,2,4,April,14,1,1,Tuesday
20250402,2025-04-02,2025,2,4,April,14,2,2,Wednesday
20250403,2025-04-03,2025,2,4,April,14,3,3,Thursday
20250404,2025-04-04,2025,2,4,April,14,4,4,Friday
20250405,2025-04-05,2025,2,4,April,14,5,5,Saturday
20250406,2025-04-06,2025,2,4,April,14,6,6,Sunday
20250407,2025-04-07,2025,2,4,April,15,7,0,Monday
20250408,2025-04-08,2025,2,4,April,15,8,1,Tuesday
20250409,2025-04-09,2025,2,4,April,15,9,2,Wednesday
20250410,2025-04-10,2025,2,4,April,15,10,3,Thursday
20250411,2025-04-11,2025,2,4,April,15,11,4,Friday
20250412,2025-04-12,2025,2,4,April,15,12,5,Saturday
20250413,2025-04-13,2025,2,4,April,15,13,6,Sunday
20250414,2025-04-14,2025,2,4,April,16,14,0,Monday
20250415,2025-04-15,2025,2,4,April,16,15,1,Tuesday
20250416,2025-04-16,2025,2,4,April,16,16,2,Wednesday
20250417,2025-04-17,2025,2,4,April,16,17,3,Thursday
20250418,2025-04-18,2025,2,4,April,16,18,4,Friday
20250419,2025-04-19,2025,2,4,April,16,19,5,Saturday
20250420,2025-04-20,2025,2,4,April,16,20,6,Sunday
20250421,2025-04-21,2025,2,4,April,17,21,0,Monday
20250422,2025-04-22,2025,2,4,April,17,22,1,Tuesday
20250423,2025-04-23,2025,2,4,April,17,23,2,Wednesday
20250424,2025-04-24,2025,2,4,April,17,24,3,Thursday
20250425,2025-04-25,2025,2,4,April,17,25,4,Friday
20250426,2025-04-26,2025,2,4,April,17,26,5,Saturday
20250427,2025-04-27,2025,2,4,April,17,27,6,Sunday
20250428,2025-04-28,2025,2,4,April,18,28,0,Monday
20250429,2025-04-29,2025,2,4,April,18,29,1,Tuesday
20250430,2025-04-30,2025,2,4,April,18,30,2,Wednesday
20250501,2025-05-01,2025,2,5,May,18,1,3,Thursday
20250502,2025-05-02,2025,2,5,May,18,2,4,Friday
20250503,2025-05-03,2025,2,5,May,18,3,5,Saturday
20250504,2025-05-04,2025,2,5,May,18,4,6,Sunday
20250505,2025-05-05,2025,2,5,May,19,5,0,Monday
20250506,2025-05-06,2025,2,5,May,19,6,1,Tuesday
20250507,2025-05-07,2025,2,5,May,19,7,2,Wednesday
20250508,2025-05-08,2025,2,5,May,19,8,3,Thursday
20250509,2025-05-09,2025,2,5,May,19,9,4,Friday
20250510,2025-05-10,2025,2,5,May,19,10,5,Saturday
20250511,2025-05-11,2025,2,5,May,19,11,6,Sunday
20250512,2025-05-12,2025,2,5,May,20,12,0,Monday
20250513,2025-05-13,2025,2,5,May,20,13,1,Tuesday
20250514,2025-05-14,2025,2,5,May,20,14,2,Wednesday
20250515,2025-05-15,2025,2,5,May,20,15,3,Thursday
20250516,2025-05-16,2025,2,5,May,20,16,4,Friday
20250517,2025-05-17,2025,2,5,May,20,17,5,Saturday
20250518,2025-05-18,2025,2,5,May,20,18,6,Sunday
20250519,2025-05-19,2025,2,5,May,21,19,0,Monday
20250520,2025-05-20,2025,2,5,May,21,20,1,Tuesday
20250521,2025-05-21,2025,2,5,May,21,21,2,Wednesday
20250522,2025-05-22,2025,2,5,May,21,22,3,Thursday
20250523,2025-05-23,2025,2,5,May,21,23,4,Friday
20250524,2025-05-24,2025,2,5,May,21,24,5,Saturday
20250525,2025-05-25,2025,2,5,May,21,25,6,Sunday
20250526,2025-05-26,2025,2,5,May,22,26,0,Monday
20250527,2025-05-27,2025,2,5,May,22,27,1,Tuesday
20250528,2025-05-28,2025,2,5,May,22,28,2,Wednesday
20250529,2025-05-29,2025,2,5,May,22,29,3,Thursday
20250530,2025-05-30,2025,2,5,May,22,30,4,Friday
20250531,2025-05-31,2025,2,5,May,22,31,5,Saturday
20250601,2025-06-01,2025,2,6,June,22,1,6,Sunday
20250602,2025-06-02,2025,2,6,June,23,2,0,Monday
20250603,2025-06-03,2025,2,6,June,23,3,1,Tuesday
20250604,2025-06-04,2025,2,6,June,23,4,2,Wednesday
20250605,2025-06-05,2025,2,6,June,23,5,3,Thursday
20250606,2025-06-06,2025,2,6,June,23,6,4,Friday
20250607,2025-06-07,2025,2,6,June,23,7,5,Saturday
20250608,2025-06-08,2025,2,6,June,23,8,6,Sunday
20250609,2025-06-09,2025,2,6,June,24,9,0,Monday
20250610,2025-06-10,2025,2,6,June,24,10,1,Tuesday
20250611,2025-06-11,2025,2,6,June,24,11,2,Wednesday
20250612,2025-06-12,2025,2,6,June,24,12,3,Thursday
20250613,2025-06-13,2025,2,6,June,24,13,4,Friday
20250614,2025-06-14,2025,2,6,June,24,14,5,Saturday
20250615,2025-06-15,2025,2,6,June,24,15,6,Sunday
20250616,2025-06-16,2025,2,6,June,25,16,0,Monday
20250617,2025-06-17,2025,2,6,June,25,17,1,Tuesday
20250618,2025-06-18,2025,2,6,June,25,18,2,Wednesday
20250619,2025-06-19,2025,2,6,June,25,19,3,Thursday
20250620,2025-06-20,2025,2,6,June,25,20,4,Friday
20250621,2025-06-21,2025,2,6,June,25,21,5,Saturday
20250622,2025-06-22,2025,2,6,June,25,22,6,Sunday
20250623,2025-06-23,2025,2,6,June,26,23,0,Monday
20250624,2025-06-24,2025,2,6,June,26,24,1,Tuesday
20250625,2025-06-25,2025,2,6,June,26,25,2,Wednesday
20250626,2025-06-26,2025,2,6,June,26,26,3,Thursday
20250627,2025-06-27,2025,2,6,June,26,27,4,Friday
20250628,2025-06-28,2025,2,6,June,26,28,5,Saturday
20250629,2025-06-29,2025,2,6,June,26,29,6,Sunday
20250630,2025-06-30,2025,2,6,June,27,30,0,Monday
20250701,2025-07-01,2025,3,7,July,27,1,1,Tuesday
20250702,2025-07-02,2025,3,7,July,27,2,2,Wednesday
20250703,2025-07-03,2025,3,7,July,27,3,3,Thursday
20250704,2025-07-04,2025,3,7,July,27,4,4,Friday
20250705,2025-07-05,2025,3,7,July,27,5,5,Saturday
20250706,2025-07-06,2025,3,7,July,27,6,6,Sunday
20250707,2025-07-07,2025,3,7,July,28,7,0,Monday
20250708,2025-07-08,2025,3,7,July,28,8,1,Tuesday
20250709,2025-07-09,2025,3,7,July,28,9,2,Wednesday
20250710,2025-07-10,2025,3,7,July,28,10,3,Thursday
20250711,2025-07-11,2025,3,7,July,28,11,4,Friday
20250712,2025-07-12,2025,3,7,July,28,12,5,Saturday
20250713,2025-07-13,2025,3,7,July,28,13,6,Sunday
20250714,2025-07-14,2025,3,7,July,29,14,0,Monday
20250715,2025-07-15,2025,3,7,July,29,15,1,Tuesday
20250716,2025-07-16,2025,3,7,July,29,16,2,Wednesday
20250717,2025-07-17,2025,3,7,July,29,17,3,Thursday
20250718,2025-07-18,2025,3,7,July,29,18,4,Friday
20250719,2025-07-19,2025,3,7,July,29,19,5,Saturday
20250720,2025-07-20,2025,3,7,July,29,20,6,Sunday
20250721,2025-07-21,2025,3,7,July,30,21,0,Monday
20250722,2025-07-22,2025,3,7,July,30,22,1,Tuesday
20250723,2025-07-23,2025,3,7,July,30,23,2,Wednesday
20250724,2025-07-24,2025,3,7,July,30,24,3,Thursday
20250725,2025-07-25,2025,3,7,July,30,25,4,Friday
20250726,2025-07-26,2025,3,7,July,30,26,5,Saturday
20250727,2025-07-27,2025,3,7,July,30,27,6,Sunday
20250728,2025-07-28,2025,3,7,July,31,28,0,Monday
20250729,2025-07-29,2025,3,7,July,31,29,1,Tuesday
20250730,2025-07-30,2025,3,7,July,31,30,2,Wednesday
20250731,2025-07-31,2025,3,7,July,31,31,3,Thursday
20250801,2025-08-01,2025,3,8,August,31,1,4,Friday
20250802,2025-08-02,2025,3,8,August,31,2,5,Saturday
20250803,2025-08-03,2025,3,8,August,31,3,6,Sunday
20250804,2025-08-04,2025,3,8,August,32,4,0,Monday
20250805,2025-08-05,2025,3,8,August,32,5,1,Tuesday
20250806,2025-08-06,2025,3,8,August,32,6,2,Wednesday
20250807,2025-08-07,2025,3,8,August,32,7,3,Thursday
20250808,2025-08-08,2025,3,8,August,32,8,4,Friday
20250809,2025-08-09,2025,3,8,August,32,9,5,Saturday
20250810,2025-08-10,2025,3,8,August,32,10,6,Sunday
20250811,2025-08-11,2025,3,8,August,33,11,0,Monday
20250812,2025-08-12,2025,3,8,August,33,12,1,Tuesday
20250813,2025-08-13,2025,3,8,August,33,13,2,Wednesday
20250814,2025-08-14,2025,3,8,August,33,14,3,Thursday
20250815,2025-08-15,2025,3,8,August,33,15,4,Friday
20250816,2025-08-16,2025,3,8,August,33,16,5,Saturday
20250817,2025-08-17,2025,3,8,August,33,17,6,Sunday
20250818,2025-08-18,2025,3,8,August,34,18,0,Monday
20250819,2025-08-19,2025,3,8,August,34,19,1,Tuesday
20250820,2025-08-20,2025,3,8,August,34,20,2,Wednesday
20250821,2025-08-21,2025,3,8,August,34,21,3,Thursday
20250822,2025-08-22,2025,3,8,August,34,22,4,Friday
20250823,2025-08-23,2025,3,8,August,34,23,5,Saturday
20250824,2025-08-24,2025,3,8,August,34,24,6,Sunday
20250825,2025-08-25,2025,3,8,August,35,25,0,Monday
20250826,2025-08-26,2025,3,8,August,35,26,1,Tuesday
20250827,2025-08-27,2025,3,8,August,35,27,2,Wednesday
20250828,2025-08-28,2025,3,8,August,35,28,3,Thursday
20250829,2025-08-29,2025,3,8,August,35,29,4,Friday
20250830,2025-08-30,2025,3,8,August,35,30,5,Saturday
20250831,2025-08-31,2025,3,8,August,35,31,6,Sunday
20250901,2025-09-01,2025,3,9,September,36,1,0,Monday
20250902,2025-09-02,2025,3,9,September,36,2,1,Tuesday
20250903,2025-09-03,2025,3,9,September,36,3,2,Wednesday
20250904,2025-09-04,2025,3,9,September,36,4,3,Thursday
20250905,2025-09-05,2025,3,9,September,36,5,4,Friday
20250906,2025-09-06,2025,3,9,September,36,6,5,Saturday
20250907,2025-09-07,2025,3,9,September,36,7,6,Sunday
20250908,2025-09-08,2025,3,9,September,37,8,0,Monday
20250909,2025-09-09,2025,3,9,September,37,9,1,Tuesday
20250910,2025-09-10,2025,3,9,September,37,10,2,Wednesday
20250911,2025-09-11,2025,3,9,September,37,11,3,Thursday
20250912,2025-09-12,2025,3,9,September,37,12,4,Friday
20250913,2025-09-13,2025,3,9,September,37,13,5,Saturday
20250914,2025-09-14,2025,3,9,September,37,14,6,Sunday
20250915,2025-09-15,2025,3,9,September,38,15,0,Monday
20250916,2025-09-16,2025,3,9,September,38,16,1,Tuesday
20250917,2025-09-17,2025,3,9,September,38,17,2,Wednesday
20250918,2025-09-18,2025,3,9,September,38,18,3,Thursday
20250919,2025-09-19,2025,3,9,September,38,19,4,Friday
20250920,2025-09-20,2025,3,9,September,38,20,5,Saturday
20250921,2025-09-21,2025,3,9,September,38,21,6,Sunday
20250922,2025-09-22,2025,3,9,September,39,22,0,Monday
20250923,2025-09-23,2025,3,9,September,39,23,1,Tuesday
20250924,2025-09-24,2025,3,9,September,39,24,2,Wednesday
20250925,2025-09-25,2025,3,9,September,39,25,3,Thursday
20250926,2025-09-26,2025,3,9,September,39,26,4,Friday
20250927,2025-09-27,2025,3,9,September,39,27,5,Saturday
20250928,2025-09-28,2025,3,9,September,39,28,6,Sunday
20250929,2025-09-29,2025,3,9,September,40,29,0,Monday
20250930,2025-09-30,2025,3,9,September,40,30,1,Tuesday
20251001,2025-10-01,2025,4,10,October,40,1,2,Wednesday
20251002,2025-10-02,2025,4,10,October,40,2,3,Thursday
20251003,2025-10-03,2025,4,10,October,40,3,4,Friday
20251004,2025-10-04,2025,4,10,October,40,4,5,Saturday
20251005,2025-10-05,2025,4,10,October,40,5,6,Sunday
20251006,2025-10-06,2025,4,10,October,41,6,0,Monday
20251007,2025-10-07,2025,4,10,October,41,7,1,Tuesday
20251008,2025-10-08,2025,4,10,October,41,8,2,Wednesday
20251009,2025-10-09,2025,4,10,October,41,9,3,Thursday
20251010,2025-10-10,2025,4,10,October,41,10,4,Friday
20251011,2025-10-11,2025,4,10,October,41,11,5,Saturday
20251012,2025-10-12,2025,4,10,October,41,12,6,Sunday
20251013,2025-10-13,2025,4,10,October,42,13,0,Monday
20251014,2025-10-14,2025,4,10,October,42,14,1,Tuesday
20251015,2025-10-15,2025,4,10,October,42,15,2,Wednesday
20251016,2025-10-16,2025,4,10,October,42,16,3,Thursday
20251017,2025-10-17,2025,4,10,October,42,17,4,Friday
20251018,2025-10-18,2025,4,10,October,42,18,5,Saturday
20251019,2025-10-19,2025,4,10,October,42,19,6,Sunday
20251020,2025-10-20,2025,4,10,October,43,20,0,Monday
20251021,2025-10-21,2025,4,10,October,43,21,1,Tuesday
20251022,2025-10-22,2025,4,10,October,43,22,2,Wednesday
20251023,2025-10-23,2025,4,10,October,43,23,3,Thursday
20251024,2025-10-24,2025,4,10,October,43,24,4,Friday
20251025,2025-10-25,2025,4,10,October,43,25,5,Saturday
20251026,2025-10-26,2025,4,10,October,43,26,6,Sunday
20251027,2025-10-27,2025,4,10,October,44,27,0,Monday
20251028,2025-10-28,2025,4,10,October,44,28,1,Tuesday
20251029,2025-10-29,2025,4,10,October,44,29,2,Wednesday
20251030,2025-10-30,2025,4,10,October,44,30,3,Thursday
20251031,2025-10-31,2025,4,10,October,44,31,4,Friday
20251101,2025-11-01,2025,4,11,November,44,1,5,Saturday
20251102,2025-11-02,2025,4,11,November,44,2,6,Sunday
20251103,2025-11-03,2025,4,11,November,45,3,0,Monday
20251104,2025-11-04,2025,4,11,November,45,4,1,Tuesday
20251105,2025-11-05,2025,4,11,November,45,5,2,Wednesday
20251106,2025-11-06,2025,4,11,November,45,6,3,Thursday
20251107,2025-11-07,2025,4,11,November,45,7,4,Friday
20251108,2025-11-08,2025,4,11,November,45,8,5,Saturday
20251109,2025-11-09,2025,4,11,November,45,9,6,Sunday
20251110,2025-11-10,2025,4,11,November,46,10,0,Monday
20251111,2025-11-11,2025,4,11,November,46,11,1,Tuesday
20251112,2025-11-12,2025,4,11,November,46,12,2,Wednesday
20251113,2025-11-13,2025,4,11,November,46,13,3,Thursday
20251114,2025-11-14,2025,4,11,November,46,14,4,Friday
20251115,2025-11-15,2025,4,11,November,46,15,5,Saturday
20251116,2025-11-16,2025,4,11,November,46,16,6,Sunday
20251117,2025-11-17,2025,4,11,November,47,17,0,Monday
20251118,2025-11-18,2025,4,11,November,47,18,1,Tuesday
20251119,2025-11-19,2025,4,11,November,47,19,2,Wednesday
20251120,2025-11-20,2025,4,11,November,47,20,3,Thursday
20251121,2025-11-21,2025,4,11,November,47,21,4,Friday
20251122,2025-11-22,2025,4,11,November,47,22,5,Saturday
20251123,2025-11-23,2025,4,11,November,47,23,6,Sunday
20251124,2025-11-24,2025,4,11,November,48,24,0,Monday
20251125,2025-11-25,2025,4,11,November,48,25,1,Tuesday
20251126,2025-11-26,2025,4,11,November,48,26,2,Wednesday
20251127,2025-11-27,2025,4,11,November,48,27,3,Thursday
20251128,2025-11-28,2025,4,11,November,48,28,4,Friday
20251129,2025-11-29,2025,4,11,November,48,29,5,Saturday
20251130,2025-11-30,2025,4,11,November,48,30,6,Sunday
20251201,2025-12-01,2025,4,12,December,49,1,0,Monday
20251202,2025-12-02,2025,4,12,December,49,2,1,Tuesday
20251203,2025-12-03,2025,4,12,December,49,3,2,Wednesday
20251204,2025-12-04,2025,4,12,December,49,4,3,Thursday
20251205,2025-12-05,2025,4,12,December,49,5,4,Friday
20251206,2025-12-06,2025,4,12,December,49,6,5,Saturday
20251207,2025-12-07,2025,4,12,December,49,7,6,Sunday
20251208,2025-12-08,2025,4,12,December,50,8,0,Monday
20251209,2025-12-09,2025,4,12,December,50,9,1,Tuesday
20251210,2025-12-10,2025,4,12,December,50,10,2,Wednesday
20251211,2025-12-11,2025,4,12,December,50,11,3,Thursday
20251212,2025-12-12,2025,4,12,December,50,12,4,Friday
20251213,2025-12-13,2025,4,12,December,50,13,5,Saturday
20251214,2025-12-14,2025,4,12,December,50,14,6,Sunday
20251215,2025-12-15,2025,4,12,December,51,15,0,Monday
20251216,2025-12-16,2025,4,12,December,51,16,1,Tuesday
20251217,2025-12-17,2025,4,12,December,51,17,2,Wednesday
20251218,2025-12-18,2025,4,12,December,51,18,3,Thursday
20251219,2025-12-19,2025,4,12,December,51,19,4,Friday
20251220,2025-12-20,2025,4,12,December,51,20,5,Saturday
20251221,2025-12-21,2025,4,12,December,51,21,6,Sunday
20251222,2025-12-22,2025,4,12,December,52,22,0,Monday
20251223,2025-12-23,2025,4,12,December,52,23,1,Tuesday
20251224,2025-12-24,2025,4,12,December,52,24,2,Wednesday
20251225,2025-12-25,2025,4,12,December,52,25,3,Thursday
20251226,2025-12-26,2025,4,12,December,52,26,4,Friday
20251227,2025-12-27,2025,4,12,December,52,27,5,Saturday
20251228,2025-12-28,2025,4,12,December,52,28,6,Sunday
20251229,2025-12-29,2025,4,12,December,1,29,0,Monday
20251230,2025-12-30,2025,4,12,December,1,30,1,Tuesday
20251231,2025-12-31,2025,4,12,December,1,31,2,Wednesday
20260101,2026-01-01,2026,1,1,January,1,1,3,Thursday
20260102,2026-01-02,2026,1,1,January,1,2,4,Friday
20260103,2026-01-03,2026,1,1,January,1,3,5,Saturday
20260104,2026-01-04,2026,1,1,January,1,4,6,Sunday
20260105,2026-01-05,2026,1,1,January,2,5,0,Monday
20260106,2026-01-06,2026,1,1,January,2,6,1,Tuesday
20260107,2026-01-07,2026,1,1,January,2,7,2,Wednesday
20260108,2026-01-08,2026,1,1,January,2,8,3,Thursday
20260109,2026-01-09,2026,1,1,January,2,9,4,Friday
20260110,2026-01-10,2026,1,1,January,2,10,5,Saturday
20260111,2026-01-11,2026,1,1,January,2,11,6,Sunday
20260112,2026-01-12,2026,1,1,January,3,12,0,Monday
20260113,2026-01-13,2026,1,1,January,3,13,1,Tuesday
20260114,2026-01-14,2026,1,1,January,3,14,2,Wednesday
20260115,2026-01-15,2026,1,1,January,3,15,3,Thursday
20260116,2026-01-16,2026,1,1,January,3,16,4,Friday
20260117,2026-01-17,2026,1,1,January,3,17,5,Saturday
20260118,2026-01-18,2026,1,1,January,3,18,6,Sunday
20260119,2026-01-19,2026,1,1,January,4,19,0,Monday
20260120,2026-01-20,2026,1,1,January,4,20,1,Tuesday
20260121,2026-01-21,2026,1,1,January,4,21,2,Wednesday
20260122,2026-01-22,2026,1,1,January,4,22,3,Thursday
20260123,2026-01-23,2026,1,1,January,4,23,4,Friday
20260124,2026-01-24,2026,1,1,January,4,24,5,Saturday
20260125,2026-01-25,2026,1,1,January,4,25,6,Sunday
20260126,2026-01-26,2026,1,1,January,5,26,0,Monday
20260127,2026-01-27,2026,1,1,January,5,27,1,Tuesday
20260128,2026-01-28,2026,1,1,January,5,28,2,Wednesday
20260129,2026-01-29,2026,1,1,January,5,29,3,Thursday
20260130,2026-01-30,2026,1,1,January,5,30,4,Friday
20260131,2026-01-31,2026,1,1,January,5,31,5,Saturday
20260201,2026-02-01,2026,1,2,February,5,1,6,Sunday
20260202,2026-02-02,2026,1,2,February,6,2,0,Monday
20260203,2026-02-03,2026,1,2,February,6,3,1,Tuesday
20260204,2026-02-04,2026,1,2,February,6,4,2,Wednesday
20260205,2026-02-05,2026,1,2,February,6,5,3,Thursday
20260206,2026-02-06,2026,1,2,February,6,6,4,Friday
20260207,2026-02-07,2026,1,2,February,6,7,5,Saturday
20260208,2026-02-08,2026,1,2,February,6,8,6,Sunday
20260209,2026-02-09,2026,1,2,February,7,9,0,Monday
20260210,2026-02-10,2026,1,2,February,7,10,1,Tuesday
20260211,2026-02-11,2026,1,2,February,7,11,2,Wednesday
20260212,2026-02-12,2026,1,2,February,7,12,3,Thursday
20260213,2026-02-13,2026,1,2,February,7,13,4,Friday
20260214,2026-02-14,2026,1,2,February,7,14,5,Saturday
20260215,2026-02-15,2026,1,2,February,7,15,6,Sunday
20260216,2026-02-16,2026,1,2,February,8,16,0,Monday
20260217,2026-02-17,2026,1,2,February,8,17,1,Tuesday
20260218,2026-02-18,2026,1,2,February,8,18,2,Wednesday
20260219,2026-02-19,2026,1,2,February,8,19,3,Thursday
20260220,2026-02-20,2026,1,2,February,8,20,4,Friday
20260221,2026-02-21,2026,1,2,February,8,21,5,Saturday
20260222,2026-02-22,2026,1,2,February,8,22,6,Sunday
20260223,2026-02-23,2026,1,2,February,9,23,0,Monday
20260224,2026-02-24,2026,1,2,February,9,24,1,Tuesday
20260225,2026-02-25,2026,1,2,February,9,25,2,Wednesday
20260226,2026-02-26,2026,1,2,February,9,26,3,Thursday
20260227,2026-02-27,2026,1,2,February,9,27,4,Friday
20260228,2026-02-28,2026,1,2,February,9,28,5,Saturday
20260301,2026-03-01,2026,1,3,March,9,1,6,Sunday
20260302,2026-03-02,2026,1,3,March,10,2,0,Monday
20260303,2026-03-03,2026,1,3,March,10,3,1,Tuesday
20260304,2026-03-04,2026,1,3,March,10,4,2,Wednesday
20260305,2026-03-05,2026,1,3,March,10,5,3,Thursday
20260306,2026-03-06,2026,1,3,March,10,6,4,Friday
20260307,2026-03-07,2026,1,3,March,10,7,5,Saturday
20260308,2026-03-08,2026,1,3,March,10,8,6,Sunday
20260309,2026-03-09,2026,1,3,March,11,9,0,Monday
20260310,2026-03-10,2026,1,3,March,11,10,1,Tuesday
20260311,2026-03-11,2026,1,3,March,11,11,2,Wednesday
20260312,2026-03-12,2026,1,3,March,11,12,3,Thursday
20260313,2026-03-13,2026,1,3,March,11,13,4,Friday
20260314,2026-03-14,2026,1,3,March,11,14,5,Saturday
20260315,2026-03-15,2026,1,3,March,11,15,6,Sunday
20260316,2026-03-16,2026,1,3,March,12,16,0,Monday
20260317,2026-03-17,2026,1,3,March,12,17,1,Tuesday
20260318,2026-03-18,2026,1,3,March,12,18,2,Wednesday
20260319,2026-03-19,2026,1,3,March,12,19,3,Thursday
20260320,2026-03-20,2026,1,3,March,12,20,4,Friday
20260321,2026-03-21,2026,1,3,March,12,21,5,Saturday
20260322,2026-03-22,2026,1,3,March,12,22,6,Sunday
20260323,2026-03-23,2026,1,3,March,13,23,0,Monday
20260324,2026-03-24,2026,1,3,March,13,24,1,Tuesday
20260325,2026-03-25,2026,1,3,March,13,25,2,Wednesday
20260326,2026-03-26,2026,1,3,March,13,26,3,Thursday
20260327,2026-03-27,2026,1,3,March,13,27,4,Friday
20260328,2026-03-28,2026,1,3,March,13,28,5,Saturday
20260329,2026-03-29,2026,1,3,March,13,29,6,Sunday
20260330,2026-03-30,2026,1,3,March,14,30,0,Monday
20260331,2026-03-31,2026,1,3,March,14,31,1,Tuesday
20260401,2026-04-01,2026,2,4,April,14,1,2,Wednesday
20260402,2026-04-02,2026,2,4,April,14,2,3,Thursday
20260403,2026-04-03,2026,2,4,April,14,3,4,Friday
20260404,2026-04-04,2026,2,4,April,14,4,5,Saturday
20260405,2026-04-05,2026,2,4,April,14,5,6,Sunday
20260406,2026-04-06,2026,2,4,April,15,6,0,Monday
20260407,2026-04-07,2026,2,4,April,15,7,1,Tuesday
20260408,2026-04-08,2026,2,4,April,15,8,2,Wednesday
20260409,2026-04-09,2026,2,4,April,15,9,3,Thursday
20260410,2026-04-10,2026,2,4,April,15,10,4,Friday
20260411,2026-04-11,2026,2,4,April,15,11,5,Saturday
20260412,2026-04-12,2026,2,4,April,15,12,6,Sunday
20260413,2026-04-13,2026,2,4,April,16,13,0,Monday
20260414,2026-04-14,2026,2,4,April,16,14,1,Tuesday
20260415,2026-04-15,2026,2,4,April,16,15,2,Wednesday
20260416,2026-04-16,2026,2,4,April,16,16,3,Thursday
20260417,2026-04-17,2026,2,4,April,16,17,4,Friday
20260418,2026-04-18,2026,2,4,April,16,18,5,Saturday
20260419,2026-04-19,2026,2,4,April,16,19,6,Sunday
20260420,2026-04-20,2026,2,4,April,17,20,0,Monday
20260421,2026-04-21,2026,2,4,April,17,21,1,Tuesday
20260422,2026-04-22,2026,2,4,April,17,22,2,Wednesday
20260423,2026-04-23,2026,2,4,April,17,23,3,Thursday
20260424,2026-04-24,2026,2,4,April,17,24,4,Friday
20260425,2026-04-25,2026,2,4,April,17,25,5,Saturday
20260426,2026-04-26,2026,2,4,April,17,26,6,Sunday
20260427,2026-04-27,2026,2,4,April,18,27,0,Monday
20260428,2026-04-28,2026,2,4,April,18,28,1,Tuesday
20260429,2026-04-29,2026,2,4,April,18,29,2,Wednesday
20260430,2026-04-30,2026,2,4,April,18,30,3,Thursday
20260501,2026-05-01,2026,2,5,May,18,1,4,Friday
20260502,2026-05-02,2026,2,5,May,18,2,5,Saturday
20260503,2026-05-03,2026,2,5,May,18,3,6,Sunday
20260504,2026-05-04,2026,2,5,May,19,4,0,Monday
20260505,2026-05-05,2026,2,5,May,19,5,1,Tuesday
20260506,2026-05-06,2026,2,5,May,19,6,2,Wednesday
20260507,2026-05-07,2026,2,5,May,19,7,3,Thursday
20260508,2026-05-08,2026,2,5,May,19,8,4,Friday
20260509,2026-05-09,2026,2,5,May,19,9,5,Saturday
20260510,2026-05-10,2026,2,5,May,19,10,6,Sunday
20260511,2026-05-11,2026,2,5,May,20,11,0,Monday
20260512,2026-05-12,2026,2,5,May,20,12,1,Tuesday
20260513,2026-05-13,2026,2,5,May,20,13,2,Wednesday
20260514,2026-05-14,2026,2,5,May,20,14,3,Thursday
20260515,2026-05-15,2026,2,5,May,20,15,4,Friday
20260516,2026-05-16,2026,2,5,May,20,16,5,Saturday
20260517,2026-05-17,2026,2,5,May,20,17,6,Sunday
20260518,2026-05-18,2026,2,5,May,21,18,0,Monday
20260519,2026-05-19,2026,2,5,May,21,19,1,Tuesday
20260520,2026-05-20,2026,2,5,May,21,20,2,Wednesday
20260521,2026-05-21,2026,2,5,May,21,21,3,Thursday
20260522,2026-05-22,2026,2,5,May,21,22,4,Friday
20260523,2026-05-23,2026,2,5,May,21,23,5,Saturday
20260524,2026-05-24,2026,2,5,May,21,24,6,Sunday
20260525,2026-05-25,2026,2,5,May,22,25,0,Monday
20260526,2026-05-26,2026,2,5,May,22,26,1,Tuesday
20260527,2026-05-27,2026,2,5,May,22,27,2,Wednesday
20260528,2026-05-28,2026,2,5,May,22,28,3,Thursday
20260529,2026-05-29,2026,2,5,May,22,29,4,Friday
20260530,2026-05-30,2026,2,5,May,22,30,5,Saturday
20260531,2026-05-31,2026,2,5,May,22,31,6,Sunday
20260601,2026-06-01,2026,2,6,June,23,1,0,Monday
20260602,2026-06-02,2026,2,6,June,23,2,1,Tuesday
20260603,2026-06-03,2026,2,6,June,23,3,2,Wednesday
20260604,2026-06-04,2026,2,6,June,23,4,3,Thursday
20260605,2026-06-05,2026,2,6,June,23,5,4,Friday
20260606,2026-06-06,2026,2,6,June,23,6,5,Saturday
20260607,2026-06-07,2026,2,6,June,23,7,6,Sunday
20260608,2026-06-08,2026,2,6,June,24,8,0,Monday
20260609,2026-06-09,2026,2,6,June,24,9,1,Tuesday
20260610,2026-06-10,2026,2,6,June,24,10,2,Wednesday
20260611,2026-06-11,2026,2,6,June,24,11,3,Thursday
20260612,2026-06-12,2026,2,6,June,24,12,4,Friday
20260613,2026-06-13,2026,2,6,June,24,13,5,Saturday
20260614,2026-06-14,2026,2,6,June,24,14,6,Sunday
20260615,2026-06-15,2026,2,6,June,25,15,0,Monday
20260616,2026-06-16,2026,2,6,June,25,16,1,Tuesday
20260617,2026-06-17,2026,2,6,June,25,17,2,Wednesday
20260618,2026-06-18,2026,2,6,June,25,18,3,Thursday
20260619,2026-06-19,2026,2,6,June,25,19,4,Friday
20260620,2026-06-20,2026,2,6,June,25,20,5,Saturday
20260621,2026-06-21,2026,2,6,June,25,21,6,Sunday
20260622,2026-06-22,2026,2,6,June,26,22,0,Monday
20260623,2026-06-23,2026,2,6,June,26,23,1,Tuesday
20260624,2026-06-24,2026,2,6,June,26,24,2,Wednesday
20260625,2026-06-25,2026,2,6,June,26,25,3,Thursday
20260626,2026-06-26,2026,2,6,June,26,26,4,Friday
20260627,2026-06-27,2026,2,6,June,26,27,5,Saturday
20260628,2026-06-28,2026,2,6,June,26,28,6,Sunday
20260629,2026-06-29,2026,2,6,June,27,29,0,Monday
20260630,2026-06-30,2026,2,6,June,27,30,1,Tuesday
20260701,2026-07-01,2026,3,7,July,27,1,2,Wednesday
20260702,2026-07-02,2026,3,7,July,27,2,3,Thursday
20260703,2026-07-03,2026,3,7,July,27,3,4,Friday
20260704,2026-07-04,2026,3,7,July,27,4,5,Saturday
20260705,2026-07-05,2026,3,7,July,27,5,6,Sunday
20260706,2026-07-06,2026,3,7,July,28,6,0,Monday
20260707,2026-07-07,2026,3,7,July,28,7,1,Tuesday
20260708,2026-07-08,2026,3,7,July,28,8,2,Wednesday
20260709,2026-07-09,2026,3,7,July,28,9,3,Thursday
20260710,2026-07-10,2026,3,7,July,28,10,4,Friday
20260711,2026-07-11,2026,3,7,July,28,11,5,Saturday
20260712,2026-07-12,2026,3,7,July,28,12,6,Sunday
20260713,2026-07-13,2026,3,7,July,29,13,0,Monday
20260714,2026-07-14,2026,3,7,July,29,14,1,Tuesday
20260715,2026-07-15,2026,3,7,July,29,15,2,Wednesday
20260716,2026-07-16,2026,3,7,July,29,16,3,Thursday
20260717,2026-07-17,2026,3,7,July,29,17,4,Friday
20260718,2026-07-18,2026,3,7,July,29,18,5,Saturday
20260719,2026-07-19,2026,3,7,July,29,19,6,Sunday
20260720,2026-07-20,2026,3,7,July,30,20,0,Monday
20260721,2026-07-21,2026,3,7,July,30,21,1,Tuesday
20260722,2026-07-22,2026,3,7,July,30,22,2,Wednesday
20260723,2026-07-23,2026,3,7,July,30,23,3,Thursday
20260724,2026-07-24,2026,3,7,July,30,24,4,Friday
20260725,2026-07-25,2026,3,7,July,30,25,5,Saturday
20260726,2026-07-26,2026,3,7,July,30,26,6,Sunday
20260727,2026-07-27,2026,3,7,July,31,27,0,Monday
20260728,2026-07-28,2026,3,7,July,31,28,1,Tuesday
20260729,2026-07-29,2026,3,7,July,31,29,2,Wednesday
20260730,2026-07-30,2026,3,7,July,31,30,3,Thursday
20260731,2026-07-31,2026,3,7,July,31,31,4,Friday
20260801,2026-08-01,2026,3,8,August,31,1,5,Saturday
20260802,2026-08-02,2026,3,8,August,31,2,6,Sunday
20260803,2026-08-03,2026,3,8,August,32,3,0,Monday
20260804,2026-08-04,2026,3,8,August,32,4,1,Tuesday
20260805,2026-08-05,2026,3,8,August,32,5,2,Wednesday
20260806,2026-08-06,2026,3,8,August,32,6,3,Thursday
20260807,2026-08-07,2026,3,8,August,32,7,4,Friday
20260808,2026-08-08,2026,3,8,August,32,8,5,Saturday
20260809,2026-08-09,2026,3,8,August,32,9,6,Sunday
20260810,2026-08-10,2026,3,8,August,33,10,0,Monday
20260811,2026-08-11,2026,3,8,August,33,11,1,Tuesday
20260812,2026-08-12,2026,3,8,August,33,12,2,Wednesday
20260813,2026-08-13,2026,3,8,August,33,13,3,Thursday
20260814,2026-08-14,2026,3,8,August,33,14,4,Friday
20260815,2026-08-15,2026,3,8,August,33,15,5,Saturday
20260816,2026-08-16,2026,3,8,August,33,16,6,Sunday
20260817,2026-08-17,2026,3,8,August,34,17,0,Monday
20260818,2026-08-18,2026,3,8,August,34,18,1,Tuesday
20260819,2026-08-19,2026,3,8,August,34,19,2,Wednesday
20260820,2026-08-20,2026,3,8,August,34,20,3,Thursday
20260821,2026-08-21,2026,3,8,August,34,21,4,Friday
20260822,2026-08-22,2026,3,8,August,34,22,5,Saturday
20260823,2026-08-23,2026,3,8,August,34,23,6,Sunday
20260824,2026-08-24,2026,3,8,August,35,24,0,Monday
20260825,2026-08-25,2026,3,8,August,35,25,1,Tuesday
20260826,2026-08-26,2026,3,8,August,35,26,2,Wednesday
20260827,2026-08-27,2026,3,8,August,35,27,3,Thursday
20260828,2026-08-28,2026,3,8,August,35,28,4,Friday
20260829,2026-08-29,2026,3,8,August,35,29,5,Saturday
20260830,2026-08-30,2026,3,8,August,35,30,6,Sunday
20260831,2026-08-31,2026,3,8,August,36,31,0,Monday
20260901,2026-09-01,2026,3,9,September,36,1,1,Tuesday
20260902,2026-09-02,2026,3,9,September,36,2,2,Wednesday
20260903,2026-09-03,2026,3,9,September,36,3,3,Thursday
20260904,2026-09-04,2026,3,9,September,36,4,4,Friday
20260905,2026-09-05,2026,3,9,September,36,5,5,Saturday
20260906,2026-09-06,2026,3,9,September,36,6,6,Sunday
20260907,2026-09-07,2026,3,9,September,37,7,0,Monday
20260908,2026-09-08,2026,3,9,September,37,8,1,Tuesday
20260909,2026-09-09,2026,3,9,September,37,9,2,Wednesday
20260910,2026-09-10,2026,3,9,September,37,10,3,Thursday
20260911,2026-09-11,2026,3,9,September,37,11,4,Friday
20260912,2026-09-12,2026,3,9,September,37,12,5,Saturday
20260913,2026-09-13,2026,3,9,September,37,13,6,Sunday
20260914,2026-09-14,2026,3,9,September,38,14,0,Monday
20260915,2026-09-15,2026,3,9,September,38,15,1,Tuesday
20260916,2026-09-16,2026,3,9,September,38,16,2,Wednesday
20260917,2026-09-17,2026,3,9,September,38,17,3,Thursday
20260918,2026-09-18,2026,3,9,September,38,18,4,Friday
20260919,2026-09-19,2026,3,9,September,38,19,5,Saturday
20260920,2026-09-20,2026,3,9,September,38,20,6,Sunday
20260921,2026-09-21,2026,3,9,September,39,21,0,Monday
20260922,2026-09-22,2026,3,9,September,39,22,1,Tuesday
20260923,2026-09-23,2026,3,9,September,39,23,2,Wednesday
20260924,2026-09-24,2026,3,9,September,39,24,3,Thursday
20260925,2026-09-25,2026,3,9,September,39,25,4,Friday
20260926,2026-09-26,2026,3,9,September,39,26,5,Saturday
20260927,2026-09-27,2026,3,9,September,39,27,6,Sunday
20260928,2026-09-28,2026,3,9,September,40,28,0,Monday
20260929,2026-09-29,2026,3,9,September,40,29,1,Tuesday
20260930,2026-09-30,2026,3,9,September,40,30,2,Wednesday
20261001,2026-10-01,2026,4,10,October,40,1,3,Thursday
20261002,2026-10-02,2026,4,10,October,40,2,4,Friday
20261003,2026-10-03,2026,4,10,October,40,3,5,Saturday
20261004,2026-10-04,2026,4,10,October,40,4,6,Sunday
20261005,2026-10-05,2026,4,10,October,41,5,0,Monday
20261006,2026-10-06,2026,4,10,October,41,6,1,Tuesday
20261007,2026-10-07,2026,4,10,October,41,7,2,Wednesday
20261008,2026-10-08,2026,4,10,October,41,8,3,Thursday
20261009,2026-10-09,2026,4,10,October,41,9,4,Friday
20261010,2026-10-10,2026,4,10,October,41,10,5,Saturday
20261011,2026-10-11,2026,4,10,October,41,11,6,Sunday
20261012,2026-10-12,2026,4,10,October,42,12,0,Monday
20261013,2026-10-13,2026,4,10,October,42,13,1,Tuesday
20261014,2026-10-14,2026,4,10,October,42,14,2,Wednesday
20261015,2026-10-15,2026,4,10,October,42,15,3,Thursday
20261016,2026-10-16,2026,4,10,October,42,16,4,Friday
20261017,2026-10-17,2026,4,10,October,42,17,5,Saturday
20261018,2026-10-18,2026,4,10,October,42,18,6,Sunday
20261019,2026-10-19,2026,4,10,October,43,19,0,Monday
20261020,2026-10-20,2026,4,10,October,43,20,1,Tuesday
20261021,2026-10-21,2026,4,10,October,43,21,2,Wednesday
20261022,2026-10-22,2026,4,10,October,43,22,3,Thursday
20261023,2026-10-23,2026,4,10,October,43,23,4,Friday
20261024,2026-10-24,2026,4,10,October,43,24,5,Saturday
20261025,2026-10-25,2026,4,10,October,43,25,6,Sunday
20261026,2026-10-26,2026,4,10,October,44,26,0,Monday
20261027,2026-10-27,2026,4,10,October,44,27,1,Tuesday
20261028,2026-10-28,2026,4,10,October,44,28,2,Wednesday
20261029,2026-10-29,2026,4,10,October,44,29,3,Thursday
20261030,2026-10-30,2026,4,10,October,44,30,4,Friday
20261031,2026-10-31,2026,4,10,October,44,31,5,Saturday
20261101,2026-11-01,2026,4,11,November,44,1,6,Sunday
20261102,2026-11-02,2026,4,11,November,45,2,0,Monday
20261103,2026-11-03,2026,4,11,November,45,3,1,Tuesday
20261104,2026-11-04,2026,4,11,November,45,4,2,Wednesday
20261105,2026-11-05,2026,4,11,November,45,5,3,Thursday
20261106,2026-11-06,2026,4,11,November,45,6,4,Friday
20261107,2026-11-07,2026,4,11,November,45,7,5,Saturday
20261108,2026-11-08,2026,4,11,November,45,8,6,Sunday
20261109,2026-11-09,2026,4,11,November,46,9,0,Monday
20261110,2026-11-10,2026,4,11,November,46,10,1,Tuesday
20261111,2026-11-11,2026,4,11,November,46,11,2,Wednesday
20261112,2026-11-12,2026,4,11,November,46,12,3,Thursday
20261113,2026-11-13,2026,4,11,November,46,13,4,Friday
20261114,2026-11-14,2026,4,11,November,46,14,5,Saturday
20261115,2026-11-15,2026,4,11,November,46,15,6,Sunday
20261116,2026-11-16,2026,4,11,November,47,16,0,Monday
20261117,2026-11-17,2026,4,11,November,47,17,1,Tuesday
20261118,2026-11-18,2026,4,11,November,47,18,2,Wednesday
20261119,2026-11-19,2026,4,11,November,47,19,3,Thursday
20261120,2026-11-20,2026,4,11,November,47,20,4,Friday
20261121,2026-11-21,2026,4,11,November,47,21,5,Saturday
20261122,2026-11-22,2026,4,11,November,47,22,6,Sunday
20261123,2026-11-23,2026,4,11,November,48,23,0,Monday
20261124,2026-11-24,2026,4,11,November,48,24,1,Tuesday
20261125,2026-11-25,2026,4,11,November,48,25,2,Wednesday
20261126,2026-11-26,2026,4,11,November,48,26,3,Thursday
20261127,2026-11-27,2026,4,11,November,48,27,4,Friday
20261128,2026-11-28,2026,4,11,November,48,28,5,Saturday
20261129,2026-11-29,2026,4,11,November,48,29,6,Sunday
20261130,2026-11-30,2026,4,11,November,49,30,0,Monday
20261201,2026-12-01,2026,4,12,December,49,1,1,Tuesday
20261202,2026-12-02,2026,4,12,December,49,2,2,Wednesday
20261203,2026-12-03,2026,4,12,December,49,3,3,Thursday
20261204,2026-12-04,2026,4,12,December,49,4,4,Friday
20261205,2026-12-05,2026,4,12,December,49,5,5,Saturday
20261206,2026-12-06,2026,4,12,December,49,6,6,Sunday
20261207,2026-12-07,2026,4,12,December,50,7,0,Monday
20261208,2026-12-08,2026,4,12,December,50,8,1,Tuesday
20261209,2026-12-09,2026,4,12,December,50,9,2,Wednesday
20261210,2026-12-10,2026,4,12,December,50,10,3,Thursday
20261211,2026-12-11,2026,4,12,December,50,11,4,Friday
20261212,2026-12-12,2026,4,12,December,50,12,5,Saturday
20261213,2026-12-13,2026,4,12,December,50,13,6,Sunday
20261214,2026-12-14,2026,4,12,December,51,14,0,Monday
20261215,2026-12-15,2026,4,12,December,51,15,1,Tuesday
20261216,2026-12-16,2026,4,12,December,51,16,2,Wednesday
20261217,2026-12-17,2026,4,12,December,51,17,3,Thursday
20261218,2026-12-18,2026,4,12,December,51,18,4,Friday
20261219,2026-12-19,2026,4,12,December,51,19,5,Saturday
20261220,2026-12-20,2026,4,12,December,51,20,6,Sunday
20261221,2026-12-21,2026,4,12,December,52,21,0,Monday
20261222,2026-12-22,2026,4,12,December,52,22,1,Tuesday
20261223,2026-12-23,2026,4,12,December,52,23,2,Wednesday
20261224,2026-12-24,2026,4,12,December,52,24,3,Thursday
20261225,2026-12-25,2026,4,12,December,52,25,4,Friday
20261226,2026-12-26,2026,4,12,December,52,26,5,Saturday
20261227,2026-12-27,2026,4,12,December,52,27,6,Sunday
20261228,2026-12-28,2026,4,12,December,53,28,0,Monday
20261229,2026-12-29,2026,4,12,December,53,29,1,Tuesday
20261230,2026-12-30,2026,4,12,December,53,30,2,Wednesday
20261231,2026-12-31,2026,4,12,December,53,31,3,Thursday
